351.91664474425943,0.0040314452731304
352.1703183133526,0.004031445273130396
352.42399188244576,0.003041908706089302
352.62693073772033,0.004196368034303919
352.82986959299484,0.0031243700866760587
352.98207373445075,0.0027670374374667243
353.2864820173625,0.0030968829598137606
353.5401555864557,0.004526213556650949
353.74309444173025,0.0044437521760641915
353.94603329700476,0.0027780322882116075
354.14897215227927,0.002986934452364689
354.35191100755384,0.0035366769896098536
354.55484986282835,0.0041139066537171564
354.7577887181029,0.004691136317824473
354.9607275733774,0.0034542156090230877
355.2651358562892,0.003041908706089293
355.46807471156376,0.0030419087060892954
355.62027885301967,0.0025471404225687433
355.8739524221128,0.002876985944915781
356.07689127738735,0.0022997562808084702
356.4827689879364,0.004443752176064193
356.68570784321093,0.0029594473255025347
356.88864669848545,0.003866522511956878
357.09158555376,0.002602114676293356
357.2945244090345,0.0034404720455918675
357.59893269194635,0.003041908706089302
357.80187154722086,0.0030419087060892984
358.1062798301327,0.004031445273130398
358.3092186854072,0.003701599750783363
358.61362696831895,0.004113906653717162
358.8165658235935,0.003470707885140502
359.2731782479612,0.005185904601345023
359.6283212446916,0.004691136317824463
359.8312600999662,0.0032068314672628077
359.98346424142204,0.0037015997507833707
360.1864030966966,0.003536676989609846
360.4400766657898,0.003811548258232278
360.6430155210643,0.003371754228436324
360.89668909015745,0.0037565740045078268
361.1503626592506,0.0034267284821609383
361.3533015145251,0.004526213556650951
361.65770979743695,0.004196368034303914
361.86064865271146,0.003784061131370119
362.063587507986,0.0037840611313701305
362.26652636326054,0.0027945245643290315
362.41873050471645,0.003866522511956876
362.62166935999096,0.0032068314672628077
362.8753429290841,0.0027120631837422725
363.07828178435864,0.003948983892543644
363.2812206396332,0.003371754228436338
363.58562892254497,0.0038665225119568925
363.7378330640009,0.0030419087060892984
364.29591491600587,0.0032892928478495684
364.60032319891764,0.0027120631837422708
364.90473148182946,0.004773597698411229
365.10767033710397,0.006010518407212613
365.31060919237854,0.00667020945190668
365.71648690292756,0.013459529786883027
365.71648690292756,0.006340363929559636
365.9194257582021,0.012772351615326819
366.1392761847495,0.018819519525022484
366.2238340411139,0.012937274376500333
366.27456875493255,0.018709571017573423
366.5282423240257,0.027203093218009552
366.5789770378443,0.016070806838797146
366.68044646548157,0.029099704971505012
366.7819158931189,0.03553169265727216
366.7819158931189,0.026460940792728725
366.9341200345748,0.029044730717780395
367.01867789093916,0.036576203478037715
367.08632417603064,0.04311813967125395
367.1370588898493,0.02901724359091824
367.3399977451238,0.0436678822084991
367.2892630313052,0.029924318777372574
367.5260250291255,0.043777830715948006
367.64440602803563,0.03462461747081782
367.7458754556729,0.045055982115042775
367.7966101694915,0.03421231056788404
368.05028373858465,0.04427259899946855
368.1348415949491,0.0353117956423742
368.2532225938592,0.04410767623829504
368.20248788004056,0.04113906653717175
368.20248788004056,0.03206831467262832
368.37160359276936,0.037235894522731794
368.557630876771,0.03619138370196624
368.6591003044083,0.014916347510582519
368.7098350182269,0.0328929284784959
368.8451275884099,0.02547140422568762
368.8451275884099,0.0161990800974876
368.98042015859295,0.022117974748492815
368.98042015859295,0.012332557585530713
369.115712728776,0.02002895310696155
369.16644744259463,0.014311630719613078
369.36938629786914,0.01260742885415328
369.52159043932505,0.009473896391856466
369.8767334360555,0.007659746018947773
370.07967229133,0.006285389675835045
370.5870194295163,0.005433288743105288
370.73922357097223,0.004691136317824464
370.94216242624674,0.005185904601345021
371.29730542297716,0.0033717542284363213
371.4495095644331,0.0028769859449157714
371.70318313352624,0.002712063183742272
371.9568567026194,0.004196368034303921
372.46420384080574,0.0018874493778746819
372.66714269608025,0.0032068314672628103
373.02228569281067,0.0022172949002217195
373.27595926190384,0.0018874493778746838
373.4788981171784,0.003206831467262805
373.8340411139088,0.003454215609023097
374.03697996918334,0.002437191915119834
374.18918411063925,0.0025471404225687368
374.4428576797324,0.004196368034303919
374.6457965350069,0.0021760642099283418
374.8994701041001,0.002217294900221715
375.15314367319326,0.003371754228436346
375.3560825284678,0.0027120631837422595
375.55902138374233,0.001969910758461437
375.71122552519824,0.0023822176613952184
375.91416438047276,0.0032068314672628272
376.2693073772032,0.0038665225119568943
376.4215115186591,0.003866522511956894
376.6244503739336,0.003536676989609861
377.6898793641249,0.002272269153946329
377.89281821939943,0.0035366769896098484
378.2986959299485,0.0026296018031554966
378.4509000714044,0.0028769859449157796
378.8567777819535,0.003536676989609836
379.1104513510466,0.003619138370196608
379.5163290615957,0.0035366769896098484
379.6685332030516,0.0032068314672628042
379.8714720583261,0.0032068314672628008
380.32808448269384,0.003619138370196617
380.53102333796835,0.0032892928478495684
380.73396219324286,0.0032892928478495836
380.88616633469877,0.0048560590789979855
381.64718704197827,0.0027120631837422664
381.7993911834342,0.0022172949002216974
382.66188131835094,0.0029594473255025516
382.86482017362545,0.004031445273130415
383.16922845653727,0.0038665225119568825
383.3214325979932,0.003866522511956877
383.6765755947236,0.00295944732550255
384.38686158818444,0.002712063183742273
384.58980044345896,0.003866522511956872
384.8942087263708,0.003866522511956887
385.19861700928254,0.003124370086676047
385.50302529219437,0.003536676989609836
385.6552294336503,0.00254714042256876
386.0611071441993,0.0032068314672628303
386.4162501409298,0.002959447325502523
386.6191889962043,0.0030419087060892954
386.7713931376602,0.002547140422568736
386.9743319929347,0.002876985944915788
387.1772708482092,0.0032068314672628185
387.4309444173024,0.0035366769896098527
387.63388327257695,0.003866522511956878
387.78608741403286,0.003536676989609832
388.09049569694463,0.0032068314672628194
388.6485775489496,0.0032068314672628207
388.8515164042241,0.0025471404225687467
389.4603329700477,0.0027120631837422703
389.96768010823405,0.0040314452731303975
390.17061896350856,0.004361290795477441
390.4242925326017,0.003041908706089292
390.93163967078806,0.0038665225119568843
391.3882520951558,0.00353667698960986
391.69266037806756,0.0021348335196349605
391.84486451952347,0.0035366769896098475
392.09853808861664,0.0022997562808084716
392.4029463715284,0.003536676989609862
392.60588522680297,0.002217294900221717
392.8088240820775,0.003371754228436316
392.9610282235334,0.0028769859449157675
393.1639670788079,0.003206831467262822
393.41764064790107,0.0028220116911911817
393.62057950317563,0.0037015997507833616
394.02645721372465,0.003536676989609853
394.43233492427373,0.002712063183742254
394.78747792100415,0.0022172949002217317
394.9904167762787,0.0035366769896098675
395.24409034537183,0.0030419087060892815
395.39629448682774,0.002657088930017828
395.75143748355816,0.0032068314672628116
395.9036416250141,0.004526213556650938
396.15731519410724,0.0038665225119568643
396.46172347701906,0.0035366769896098466
396.6646623322936,0.002629601803155525
396.9690706152054,0.002876985944915771
397.6286218948476,0.002547140422568728
398.2881731744898,0.003096882959813917
398.49111202976434,0.003701599750783362
398.6940508850389,0.0026296018031555088
399.8102145890488,0.004031445273130418
400.1146228719606,0.004196368034303934
400.2668270134165,0.004196368034303921
400.52050058250967,0.0037015997507833546
400.8249088654215,0.003536676989609871
400.97711300687735,0.0022172949002217126
401.58592957270093,0.003536676989609832
401.8396031417941,0.003536676989609831
404.07193054981394,0.005680672884865584
404.2748694050885,0.006257902548972877
404.4270735465444,0.005515750123692042
404.5792776880003,0.016730497883491215
404.78221654327484,0.018874493778746938
404.8836859709121,0.024316944897473002
404.9344206847307,0.032233237433801805
404.9344206847307,0.019699107584614527
405.1035363974595,0.02651591504645318
405.18809425382386,0.04196368034303935
405.18809425382386,0.03635630646313973
405.13735954000526,0.018379725495226405
405.2388289676425,0.027945245643290394
405.2388289676425,0.023327408330431884
405.39103310909843,0.05449781019222663
405.39103310909843,0.04592182661120377
405.44176782291703,0.06587748071319935
405.4925025367357,0.06027010683329974
405.57706039310006,0.07170475160799686
405.7123529632831,0.06884609041432263
405.6954413920102,0.059335544519983255
405.74617610582885,0.1061186344395375
405.79691081964745,0.07643253742830439
405.89838024728476,0.08891169302376706
405.89838024728476,0.06872239834344247
405.89838024728476,0.057741291161972345
405.94911496110336,0.10282017921606713
405.999849674922,0.09347455608290127
405.94911496110336,0.08368913891993918
405.94911496110336,0.07852155906983566
405.999849674922,0.07371131186894136
405.999849674922,0.062908871012076
406.0505843887406,0.10633853145443543
406.0505843887406,0.08880174451631818
406.0505843887406,0.0685162448919756
406.15205381637793,0.12195121951219508
406.3042579578338,0.1289604368620696
406.2535232440152,0.12557952025801253
406.3888158141982,0.08522841802422526
406.49028524183547,0.12404024115372642
406.6086662407456,0.12871305272030933
406.72704723965575,0.12290410657675314
406.91307452365743,0.12893294973520744
406.91307452365743,0.12302321745982298
406.963809237476,0.10424950981290416
407.0145439512947,0.09155045720254334
407.11601337893194,0.1253871103699768
407.11601337893194,0.12118157996005213
407.11601337893194,0.11642630701288231
407.11601337893194,0.10908724414066076
407.1329249502048,0.0883436257352807
407.2174828065692,0.10323248611900093
407.2174828065692,0.09836726466438217
407.1667480927506,0.09556357772443239
407.31895223420645,0.11502446354290738
407.31895223420645,0.10969196093163022
407.4204216618437,0.10338091660405703
407.4204216618437,0.09358450459035016
407.3696869480251,0.08797713071045057
407.5726258032996,0.0930347620531052
407.6233605171183,0.08869179600886926
407.7755646585741,0.07643253742830441
407.7755646585742,0.061919334445034904
407.8262993723928,0.05749390702021208
407.8262993723928,0.051694123252276854
407.8093878011199,0.04058932399992676
407.87703408621144,0.07066024078723131
407.87703408621144,0.06587748071319932
407.9785035138487,0.06114969489289178
408.02923822766735,0.051529200491103315
408.02923822766735,0.046169210752964
408.02923822766735,0.040534349746202285
408.1307076553046,0.05610580711366842
408.23217708294186,0.04823074526763296
408.23217708294186,0.043447985193600984
408.1814423691232,0.04014952997013066
408.38438122439777,0.04157886056696782
408.38438122439777,0.014751424749408985
408.5873200796723,0.03619138370196622
408.63805479349094,0.019699107584614548
408.7395242211282,0.028879807956606867
408.84099364876545,0.01953418482344098
409.0946672178586,0.018049879972879337
409.5005449284077,0.018709571017573402
409.75421849750086,0.018462186875813164
409.95715735277537,0.017884957211705823
410.21083092186853,0.018379725495226408
410.4645044909617,0.017060343405838233
410.6167086324176,0.017225266167011772
410.97185162914803,0.011452969525938663
411.17479048442254,0.014421579227061951
411.3777293396971,0.01170035366769893
411.5806681949716,0.011205585384178408
411.6314029087903,0.006835132213080198
411.8343417640648,0.00980374191420349
412.13875004697655,0.007494823257774277
412.4431583298884,0.00815451430246833
413.2549137509865,0.007164977735427199
413.45785260626104,0.006505286690733153
413.66079146153555,0.0065052866907331815
414.06666917208463,0.006505286690733142
414.42181216881505,0.007824668780121322
414.7262204517269,0.00815451430246832
414.87842459318273,0.008484359824815352
415.38577173136906,0.008154514302468316
415.6901800142809,0.00815451430246832
416.14679243864856,0.008401898444228595
416.4004660077417,0.007824668780121275
416.6034048630163,0.008154514302468347
417.2122214288399,0.009803741914203482
417.4151602841144,0.008814205347162422
418.6835281295802,0.010298510197724039
419.24160998158516,0.010793278481244607
419.64748769213423,0.010133587436550528
419.9011612612274,0.011452969525938684
420.1041001165019,0.011205585384178367
420.3070389717765,0.011700353667698926
421.22026382051183,0.012937274376500328
421.52467210342365,0.013102197137673856
421.8798151001541,0.013102197137673854
423.4018565147131,0.013432042660020866
423.6047953699876,0.013432042660020887
424.1628772219926,0.013432042660020876
424.3150813634484,0.013761888182367885
424.61948964636025,0.013432042660020908
424.9746326430907,0.013596965421194401
425.1268367845466,0.014751424749408996
425.3297756398211,0.014311630719612941
425.58344920891426,0.014256656465888435
425.73565335037017,0.015081270271756065
426.040061633282,0.015081270271756058
427.30842947874777,0.015988345458210387
427.71430718929685,0.016565575122317683
428.01871547220867,0.016648036502904473
428.2216543274832,0.016895420644664733
428.4245931827577,0.01607080683879717
428.62753203803226,0.0173901889281853
428.77973617948817,0.016400652361144213
429.38855274531176,0.01804987997287937
429.84516516967943,0.018544648256399926
430.2510428802285,0.018214802734052862
430.9105941598707,0.017390188928185252
431.11353301514526,0.0187095710175734
431.6208801533316,0.019699107584614534
431.92528843624336,0.01903941653992042
432.2296967191552,0.020358798629308582
432.7370438573415,0.020028953106961577
432.9907174264347,0.02101848967400267
433.24439099552785,0.02167818071869672
433.498064564621,0.021678180718696767
433.7010034198955,0.02233787176339082
433.85320756135144,0.022008026241043758
434.5634935548123,0.02464679041982004
435.02010597917996,0.02497663594216708
435.2230448344545,0.02959447325502555
435.17231012063587,0.02563632698686111
435.2737795482731,0.03503692437375159
435.42598368972904,0.05713657437100289
435.5274531173663,0.06018764545271295
435.62892254500355,0.08480236755786041
435.57818783118495,0.07214454563779293
435.62892254500355,0.06554763519085227
435.7303919726408,0.07824668780121309
435.74730354391374,0.06028843158454113
435.8318614002781,0.10485422660387395
435.78112668645946,0.09754265085851463
435.8318614002781,0.08753733668065465
435.78112668645946,0.08335929339759214
435.78112668645946,0.07181470011544593
435.93333082791537,0.10958201242418134
435.9164192566425,0.0774220739953455
435.98406554173397,0.12656905682505357
435.984065541734,0.10438694544721557
435.98406554173397,0.07181470011544593
435.98406554173397,0.057961188176870515
436.0855349693713,0.15559546279159261
436.0855349693713,0.13085704861556502
436.0855349693712,0.092265122500962
436.15318125446277,0.0844587784720823
436.0855349693713,0.06703194004141391
436.3392085384644,0.2178538051345953
436.3392085384644,0.21188909860548652
436.33920853846445,0.1674149273423612
436.33920853846445,0.08880174451631818
436.4406779661017,0.22276025727950743
436.4406779661017,0.20820582360594458
436.4406779661017,0.18297264114639644
436.4406779661017,0.16263216726832924
436.54214739373896,0.23055285774495607
436.54214739373896,0.21731780616078133
436.4914126799203,0.2014439903978303
436.54214739373896,0.1772003445053233
436.54214739373896,0.17329717249088353
436.4914126799203,0.17032856278976
436.54214739373896,0.16587564823807524
436.54214739373896,0.1484213226805446
436.6436168213762,0.27137124113540156
436.6436168213762,0.26664345531509426
436.59288210755756,0.26065126165912295
436.5928821075576,0.255868501585091
436.59288210755756,0.2505909732275384
436.59288210755756,0.24531344486998594
436.5928821075576,0.2400359165124334
436.6436168213762,0.23486833666232967
436.6436168213762,0.22494548386505653
436.6436168213762,0.21142181744882813
436.6436168213762,0.18099356801231423
436.76199782028635,0.27921423466676437
436.74508624901347,0.21694672994814093
436.69435153519487,0.207711055322424
436.74508624901347,0.20226860420369794
436.69435153519487,0.19748584412966586
436.69435153519487,0.1922083157721134
436.69435153519487,0.18693078741456076
436.74508624901347,0.1656557512231771
436.69435153519487,0.1625222187608803
436.74508624901347,0.14842132268054462
436.7958209628321,0.3244763702332741
436.8634672479236,0.31436110754796504
436.7958209628321,0.28489490755162994
436.7958209628321,0.2702167818071869
436.7958209628321,0.2624654120320316
436.8465556766507,0.25718788367447915
436.7958209628321,0.23541807919957483
436.8465556766507,0.22711696688717453
436.8465556766507,0.22354364039508165
436.7958209628321,0.21133935606824134
436.8465556766508,0.17909695625881875
436.7958209628321,0.17340712099833241
436.8972903904694,0.33305235381429693
436.8972903904694,0.2812666068058126
436.8972903904694,0.27521943889611694
436.8972903904694,0.2505909732275385
436.8972903904694,0.2453134448699859
436.94802510428804,0.23871653442304516
436.8972903904694,0.207711055322424
436.8972903904694,0.18363233219109046
436.99875981810663,0.22420333143977572
437.15096395956255,0.3833950266625131
437.1002292457439,0.37791134485349365
437.15096395956255,0.3729636620182881
437.1002292457439,0.2730204687471368
437.1002292457439,0.2614758754649905
437.1002292457439,0.2535595829286617
437.1002292457439,0.24894174561580326
437.2524333871998,0.39143501126972213
437.2016986733812,0.25751772919682614
437.30316810101846,0.3864873284345165
437.35390281483706,0.381209800076964
437.30316810101846,0.3756024261970644
437.3031681010184,0.27247072620989177
437.4553722424743,0.3894559381356399
437.50610695629297,0.40594821425299155
437.50610695629297,0.4006706858954391
437.50610695629297,0.39539315753788645
437.6583110977489,0.38797163328507817
437.70904581156753,0.39159993403089555
437.75978052538613,0.37230397097359413
437.8612499530234,0.38055010903227
437.8612499530234,0.35234831687159845
437.91198466684205,0.40528852320829745
437.9627193806607,0.4008356086566125
437.9796309519336,0.39402979604551874
437.91198466684205,0.3902805519415074
437.91198466684205,0.3851679463451284
437.94580780938776,0.37369665206794817
437.96271938066064,0.3554818493338953
438.0134540944793,0.3799728793681626
438.0811003795708,0.37124113540158693
438.06418880829796,0.3517710872074912
438.11492352211656,0.39522823477671293
438.11492352211656,0.35779076799032455
438.2163929497538,0.37560242619706447
438.26712766357247,0.3708196661230324
438.26712766357247,0.3530904692968793
438.31786237739107,0.2980887284455113
438.4193318050284,0.36669659709369457
438.4193318050284,0.36141906873614194
438.470066518847,0.35119385754338384
438.5715359464843,0.29841857396785837
438.6222706603029,0.3251360612779682
438.67300537412154,0.3033662568030639
438.65609380284866,0.2707335397921974
438.67300537412154,0.26153084971871515
438.67300537412154,0.22271902658921408
438.68991694539443,0.21606714188854886
438.72374008794014,0.32942405306847955
438.72374008794014,0.32106796650235464
438.7744748017588,0.31441608180168956
438.7744748017588,0.3066647120265342
438.7237400879402,0.29544996426673503
438.72374008794014,0.2901724359091825
438.72374008794014,0.28489490755162994
438.72374008794014,0.28093676128346556
438.8252095155774,0.29995785307214445
438.87594422939605,0.2779021824778729
438.87594422939605,0.26551648311374176
438.87594422939605,0.22535779076799034
438.87594422939605,0.21216396987410893
438.9266789432147,0.30402594784775794
438.9774136570333,0.2712063183742281
438.9774136570333,0.25999157061442896
438.9774136570333,0.22127595242894574
438.9266789432147,0.2159571933810998
438.9774136570333,0.18025141558703336
438.9774136570333,0.1749738872294809
438.9266789432147,0.17043851129720913
438.9266789432147,0.1650510344322077
438.9774136570333,0.1562551538362867
438.9774136570333,0.14570009712118162
438.9774136570333,0.1372890363013322
438.9774136570333,0.13267119898847374
439.02814837085197,0.29940811053489946
439.02814837085197,0.265763867255502
439.07888308467057,0.16202745047735975
439.06197151339774,0.11738835645306114
439.0788830846706,0.10809770757361967
439.07888308467057,0.10347987026076122
439.1296177984892,0.2707115500907076
439.1296177984892,0.2618057209873376
439.1803525123079,0.21865093181360074
439.163440941035,0.21356581334408387
439.1296177984892,0.17934434040057906
439.1803525123079,0.1737369665206795
439.1296177984892,0.16746990159608582
439.1296177984892,0.15691484488098073
439.1803525123079,0.1513074710010811
439.1296177984892,0.14701947921056974
439.19726408358076,0.12250096204944011
439.1296177984892,0.09655311429147348
439.1296177984892,0.09259496802330909
439.1296177984892,0.08731743966575657
439.1296177984892,0.08203991130820401
439.1803525123079,0.07478330981656926
439.2310872261265,0.2558685015850909
439.2310872261265,0.2505909732275384
439.2310872261265,0.24531344486998585
439.2310872261265,0.24003591651243336
439.2310872261265,0.23475838815488076
439.2310872261265,0.22948085979732827
439.2310872261265,0.13382565831668838
439.2310872261265,0.1137050814535193
439.2310872261265,0.10051126055963791
439.28182193994513,0.07066024078723128
439.28182193994513,0.0660424034743728
439.3832913675824,0.1791794176394055
439.33255665376373,0.17076835681955613
439.33255665376373,0.16516098293965661
439.3832913675824,0.15971853182093051
439.33255665376373,0.15548551428414356
439.33255665376373,0.15130747100108116
439.33255665376373,0.1424016418977112
439.4002029388553,0.12957431602865993
439.3325566537638,0.09094574041157392
439.33255665376373,0.08566821205402138
439.3325566537638,0.0803906836964688
439.33255665376373,0.07692730571182492
439.3832913675824,0.06208425720620839
439.48476079521964,0.11931245533341882
439.43402608140104,0.11304539040882515
439.48476079521964,0.10842755309596673
439.48476079521964,0.06571255795202582
439.48476079521964,0.04542705832768319
439.5354955090383,0.17175789338659725
439.5354955090383,0.1607080683879717
439.5354955090383,0.15064777995638706
439.5354955090383,0.14405086950944643
439.5354955090383,0.13877334115189388
439.5354955090383,0.13217643070495316
439.5862302228569,0.12524967473566548
439.5354955090383,0.09490388667973831
439.5354955090383,0.09127558593392093
439.5354955090383,0.05730149713217638
439.5862302228569,0.053260889483425285
439.6876996504942,0.11392497846841743
439.6876996504942,0.10864745011086471
439.6876996504942,0.10216048817137306
439.63696493667555,0.09886203294790274
439.6876996504942,0.07753202250279441
439.6876996504942,0.06010518407212623
439.7046112217671,0.0458118781037547
439.7384343643128,0.08105037474116285
439.78916907813147,0.06538271242967875
439.83990379195006,0.05763134265452345
439.83990379195006,0.04509721280533616
439.83990379195006,0.0378406113137014
439.9413732195874,0.06488794414615821
440.04284264722463,0.05136427772992981
440.04284264722463,0.04476736728298912
440.04284264722463,0.036521229224313265
440.2965162163178,0.03709845888842055
440.2965162163178,0.03190339191145476
440.4994550715923,0.035146872881200525
440.60092449922956,0.03165600776969451
440.6516592130482,0.03586153817961916
440.85459806832273,0.031573546389107775
441.31121049269046,0.02975939601619907
441.92002705851405,0.028275091165637437
442.7825171934308,0.027285554598596294
443.1376601901612,0.027120631837422794
443.28986433161714,0.027615400120943333
443.64500732834756,0.026625863553902205
443.84794618362207,0.026625863553902257
444.1523544665339,0.026955709076249272
444.5582321770829,0.026625863553902274
444.7611710323575,0.027450477359769847
444.964109887632,0.02756042586721887
445.4714570258183,0.028440013926810948
445.97880416400466,0.028687398068571183
446.13100830546057,0.026955709076249258
446.38468187455373,0.027780322882116886
447.8559885752941,0.02860493668798443
448.972152279304,0.02893478221033152
449.27656056221576,0.026955709076249244
449.936111841858,0.027615400120943382
450.1390506971326,0.0269557090762493
450.29125483858843,0.027285554598596343
450.9508061182307,0.02728555459859634
451.20447968732384,0.027285554598596325
451.55962268405426,0.0269557090762493
451.9147656807847,0.026955709076249293
452.16843924987785,0.02646094079272871
452.4728475327897,0.026625863553902226
452.6250516742455,0.02695570907624926
452.8787252433387,0.02679078631507574
453.0309293847946,0.02629601803155517
453.28460295388777,0.027203093218009594
453.4368070953437,0.026460940792728763
453.6397459506182,0.02662586355390222
453.94415423353,0.025966172509208164
454.1978278026232,0.02613109527038173
454.65444022699086,0.024976635942167043
454.9588485099027,0.026131095270381696
455.5169303619076,0.02530648146451407
455.7706039310008,0.026955709076249276
456.1257469277312,0.02695570907624928
456.430155210643,0.026131095270381696
456.83603292119204,0.026460940792728767
457.39411477319703,0.026405966539004275
457.90146191138336,0.026955709076249244
458.35807433575104,0.025141558703340592
458.6117479048442,0.024811713180993594
459.8293810364914,0.02530648146451406
460.03231989176595,0.024976635942167043
460.3874628884964,0.023657253852778917
460.7426058852268,0.024316944897473
460.9455447405013,0.024646790419820045
461.75730016159946,0.024316944897473033
462.0617084445112,0.023987099375125935
462.3153820136044,0.023327408330431856
463.17787214852115,0.023657253852778937
463.4315457176143,0.02266771728573784
463.9896275696193,0.024646790419820028
464.24330113871247,0.023904637994539214
464.7506482768988,0.024316944897472974
465.05505655981057,0.023987099375125987
465.46093427035964,0.023987099375125935
465.7146078394528,0.02448186765864652
465.9175466947273,0.024976635942167074
466.22195497763914,0.025306481464514148
466.4756285467323,0.024811713180993553
466.83077154346273,0.024481867658646544
467.2366492540118,0.02431694489747305
467.490322823105,0.024152022136299467
467.74399639219814,0.02398709937512596
468.09913938892856,0.024152022136299505
468.2513435303845,0.024976635942167088
468.50501709947764,0.024152022136299467
468.7586906685708,0.025306481464514127
469.012364237664,0.025224020083927354
469.1645683791198,0.02398709937512597
469.418241948213,0.02349233109160537
469.8241196587621,0.02437191915119758
470.1792626554925,0.023987099375126
470.83881393513474,0.02382217661395243
471.4983652147769,0.023657253852778965
471.75203878387015,0.023409869711018702
472.00571235296326,0.022337871763390835
472.2086512082378,0.02398709937512595
472.76673306024276,0.024152022136299453
472.9696719155173,0.024481867658646496
473.2233454846105,0.02431694489747305
473.426284339885,0.023657253852778906
473.6292231951595,0.023987099375125952
473.832162050434,0.024316944897472964
474.13657033334584,0.024316944897472974
474.5424480438949,0.023327408330431936
474.7961216129881,0.024234483516886233
474.9990604682626,0.024481867658646513
475.25273403735576,0.023987099375125998
475.45567289263033,0.023987099375125984
475.7093464617235,0.024729251800406842
475.96302003081666,0.02464679041981999
476.2166935999098,0.02423448351688623
476.3688977413657,0.023657253852778923
476.9269795933707,0.024152022136299533
477.07918373482653,0.02365725385277895
477.3328573039197,0.023244946949845142
477.48506144537566,0.023327408330431863
478.4997557217483,0.02365725385277892
478.8548987184787,0.022667717285737802
479.05783757375326,0.023492331091605444
479.26077642902777,0.02299756280808484
479.4637152843023,0.024316944897472978
479.6159194257582,0.024646790419820007
479.8188582810327,0.024481867658646482
480.2754707054004,0.02646094079272875
480.5798789883122,0.02695570907624929
480.7320831297681,0.02712063183742277
481.08722612649854,0.028769859449157924
481.39163440941036,0.028934782210331505
481.5438385508662,0.02778032288211682
481.8989815475967,0.03140862362793424
482.20338983050846,0.03272800571732237
482.5585328272389,0.03366256803063904
482.8629411101507,0.035201847134925114
483.11661467924387,0.03850030235839544
483.2688188206998,0.03487200161257814
483.4210229621557,0.043942753477121524
483.6239618174302,0.044052701984570466
483.8269006727047,0.047488592842352115
483.9791048141606,0.045976800864928155
484.2496899545266,0.05730149713217645
484.3849825247097,0.061259643400340846
484.53718666616555,0.05235381429697089
484.62174452253,0.062120906708691526
484.5879213799842,0.0566418060874824
484.6893908076215,0.05202396877462392
484.94306437671463,0.0757728463836103
485.1460032319892,0.07725715123417204
485.09526851817054,0.0638984075791171
485.24747265962645,0.08195744992761726
485.3489420872637,0.08566821205402136
485.3489420872637,0.07610269190595742
485.5518809425382,0.09572850048560588
485.5011462287196,0.09160543145626801
485.5518809425382,0.08654780011361354
485.5518809425382,0.08183375785673712
485.5518809425382,0.0768448443312382
485.85628922545004,0.10826263033479322
485.8055545116314,0.10413956130545525
485.8055545116314,0.09358450459035016
485.85628922545004,0.08668523574792454
486.05922808072455,0.10364479302193468
486.0084933669059,0.09341958182917667
486.143785937089,0.11414487548331535
486.26216693599906,0.12178629675102164
486.26216693599906,0.10999431932711515
486.3129016498177,0.1155192318264279
486.46510579127363,0.12821828443678876
486.414371077455,0.12129152846750099
486.46510579127363,0.1103516519763243
486.66804464654814,0.13108794048120787
486.7695140741854,0.13613457697311765
486.8709835018227,0.1313518168990856
486.9555413581871,0.1412471825694966
486.9893645007328,0.13514504040607644
487.0739223570972,0.12920782100382983
487.1753917847345,0.14671712081508478
487.1753917847345,0.14116472118890983
487.1753917847345,0.13706913928643402
487.1246570709159,0.13283612174964718
487.2261264985531,0.15147239376225466
487.37833064000904,0.15680489637353182
487.42906535382764,0.14438071503179337
487.58126949528355,0.16165637426471927
487.6827389229208,0.15707976764215423
487.78420835055806,0.16532590570083008
487.8349430643767,0.1572446904033278
487.936412492014,0.16757985010353488
488.0886166334699,0.17513880999065443
488.2915554887444,0.1759634237965219
488.4944943440189,0.17818988107236441
488.69743319929347,0.18165325905700827
488.6466984854748,0.17736526726649682
488.8496373407494,0.18033387696762013
489.0525761960239,0.18264279562404936
489.30624976511706,0.17967418592292606
489.4584539065729,0.18066372248996715
489.6613927618475,0.17934434040057906
489.89815475966776,0.18077367099741617
490.0165357585779,0.17678803760238954
490.1180051862152,0.17994905719154852
490.3209440414897,0.17786003555001742
490.52388289676423,0.17621080793828223
490.52388289676423,0.17241758443129138
490.7775564658574,0.17390188928185304
491.03123003495057,0.17241758443129138
491.5554887444098,0.16735995308863671
491.7415160284114,0.1675798501035347
491.6907813145928,0.16351175532792145
491.944454883686,0.1671400560737388
492.1473937389605,0.15911381502996108
492.350332594235,0.1615326821938392
492.2995978804164,0.1585640724927159
492.55327144950957,0.1601583258507265
492.6547408771468,0.15213208480694876
492.7562103047841,0.1590588407762365
492.80694501860273,0.1513074710010812
492.9591491600586,0.15740961316450133
493.00988387387724,0.14976819189679505
493.2128227291518,0.14734932473291676
493.4157615844263,0.14800901577761086
493.5172310120636,0.14108225980832315
493.6694351535195,0.1478440930164373
493.77090458115674,0.14003774898755747
493.872374008794,0.14339117846475227
493.97384343643125,0.13772883033112812
494.07531286406856,0.14273148742005826
494.1767822917058,0.1381686243609244
494.2782517193431,0.1333308900331678
494.32898643316173,0.13761888182367915
494.4811905746176,0.13300104451082073
494.7855988575294,0.13275366036906047
494.7855988575294,0.12830074581737552
494.9378029989853,0.12689890234740056
495.0392724266226,0.131186894137912
495.14074185425983,0.12228106503454211
495.2422112818971,0.1267339795862271
495.49588485099025,0.1238478312656906
495.49588485099025,0.11804804749775531
495.64808899244616,0.12294075607923621
495.71573527753765,0.11760825346795928
495.90176256153933,0.11865276428872476
495.8510278477207,0.11634384563229558
495.8510278477207,0.11205585384178411
496.05396670299524,0.11617892287112207
496.20617084445115,0.10661340272305807
496.40910969972566,0.11213831522237079
496.40910969972566,0.10776786205127269
496.6627832688188,0.10628355720071095
496.86572212409334,0.10562386615601697
497.22086512082376,0.10062120906708684
497.17013040700516,0.09869711018672925
497.42380397609827,0.09844972604496889
497.62674283137284,0.09902695570907624
497.8296816866474,0.09820234190320866
498.03262054192186,0.09226512250096208
498.2355593971964,0.0929797877993807
498.43849825247094,0.09325465906800312
498.4892329662896,0.08896666727749172
498.74290653538276,0.09036851074746656
498.94584539065727,0.08841692474024654
499.0980495321132,0.08995620384453276
499.2502536735691,0.08599805757636839
499.50392724266226,0.0864378516061645
499.537750385208,0.08079382822378181
499.7576008117554,0.08236975683055102
499.70686609793677,0.07956606989060125
499.90980495321134,0.082039911308204
500.11274380848585,0.08055560645764227
500.2142132361231,0.07082516354840483
500.366417377579,0.07618515328654417
500.46788680521627,0.07288669806307382
500.46788680521627,0.06719686280258741
500.65391408921795,0.06858954389694162
500.7722950881281,0.06678455589965361
500.87376451576534,0.06241410272855549
500.9752339434026,0.06634476186985773
501.02596865722126,0.06191933444503487
501.0767033710399,0.05688919022924261
501.22890751249577,0.06389840757911712
501.3811116539516,0.05738395851276324
501.63478522304484,0.047571054222938905
501.78698936450076,0.05581719228161475
501.90537036341084,0.045646955342581154
501.98992821977527,0.05243627567755771
502.0913976474125,0.04919279470781192
502.1083092186854,0.04403437723332909
502.2943365026871,0.046361620640999655
502.29433650268703,0.04262337138773341
502.4972753579616,0.042540910007146604
502.7002142132361,0.041798757581865846
502.852418354692,0.03899507064191599
503.02153406742076,0.03564164116472119
503.1568266376038,0.037510765791354386
503.3090307790597,0.033717542284363515
503.51196963433426,0.031656007769694516
503.7149084896088,0.030584009822066636
503.9178473448833,0.029924318777372616
504.07005148633925,0.029044730717780527
504.2222556277951,0.02456432903923322
504.4251944830696,0.024811713180993573
504.93254162125595,0.023244946949845104
505.2369499041678,0.021348335196349717
505.4398887594423,0.022337871763390853
505.7950317561727,0.02068864415165564
505.89650118380996,0.01706034340583824
506.1501747529031,0.018544648256399864
506.30237889435904,0.018709571017573395
506.9619301740013,0.016070806838797184
507.1648690292758,0.015411115794103073
507.3170731707317,0.01508127027175602
507.5200120260062,0.013761888182367964
507.7229508812808,0.014586501988235436
507.9258897365553,0.013761888182367924
508.17956330564846,0.01425665646588849
508.4839715885603,0.014421579227062031
508.78837987147205,0.014586501988235525
509.1435228682025,0.014421579227061969
509.4479311511143,0.014751424749408958
509.70160472020746,0.01475142474940906
510.0060130031192,0.013761888182367907
510.2089518583938,0.013267119898847334
510.4118907136683,0.013432042660020922
510.66556428276147,0.014091733704714997
511.12217670712914,0.013844349562954649
511.32511556240365,0.013679426801781129
511.5787891314969,0.013102197137673787
511.88319741440864,0.013761888182367933
512.1368709835018,0.013102197137673785
512.7456875493255,0.0126074288541533
512.9486264046,0.011452969525938701
513.1515652598745,0.011452969525938675
513.354504115149,0.011370508145351904
513.5574429704235,0.011535430906525385
513.760381825698,0.011947737809459204
513.912585967154,0.011452969525938635
514.2677289638843,0.010793278481244622
514.876545529708,0.012442506092979757
515.0794843849825,0.0111231240035916
515.2316885264383,0.012112660570632707
515.4853620955316,0.012607428854153328
515.7897703784433,0.012112660570632787
516.0941786613552,0.01120558538417839
516.246382802811,0.01178281504828569
516.4493216580856,0.011288046764765155
516.9059340824533,0.012937274376500286
517.3118117930023,0.012442506092979734
517.5654853620955,0.012772351615326792
517.920628358826,0.012937274376500324
519.2397309181104,0.01120558538417837
519.442669773385,0.011288046764765192
519.6456086286595,0.011617892287112188
520.3558946221203,0.010463432958897541
520.5080987635762,0.010793278481244633
520.964711187944,0.011123124003591691
521.1676500432185,0.009144050869509488
521.522793039949,0.010463432958897609
522.1823443195912,0.008484359824815362
523.1463038821452,0.008154514302468373
523.3999774512383,0.00963881915302999
523.70438573415,0.009886203294790237
523.9073245894247,0.010298510197724068
524.0595287308805,0.010463432958897593
524.4654064414296,0.010463432958897574
524.7190800105227,0.008484359824815305
524.9727535796159,0.008319437063641846
525.378631290165,0.008484359824815354
525.784509000714,0.008484359824815418
526.0381825698072,0.00930897363068295
526.342590852719,0.009226512250096247
526.6977338494494,0.010463432958897623
526.9006727047239,0.01013358743655049
527.1543462738172,0.00870425683971354
527.4587545567289,0.009308973630682888
527.864632267278,0.009968664675376961
528.0675711225525,0.009144050869509465
528.2197752640084,0.008814205347162369
528.4734488331015,0.00897912810833588
528.9300612574693,0.008154514302468373
529.1330001127438,0.008814205347162412
529.3359389680184,0.009144050869509425
530.0969596752979,0.010051126055963774
530.4013679582097,0.010793278481244535
530.5535720996655,0.010793278481244634
530.75651095494,0.010903226988693698
530.9594498102146,0.010793278481244662
531.314592806945,0.011782815048285666
531.6190010898569,0.01178281504828567
531.87267465895,0.011123124003591575
532.0756135142244,0.011782815048285655
532.3292870833177,0.011040662623004821
532.5322259385922,0.011617892287112137
532.6844300800481,0.010793278481244622
532.9888383629599,0.013102197137673808
533.242511932053,0.014641476241960131
533.4454507873276,0.016565575122317638
533.6483896426021,0.018214802734052914
533.8513284978767,0.01681295926407796
534.1557367807885,0.018214802734052835
534.4094103498817,0.02332740833043192
534.4094103498817,0.018379725495226436
534.764553346612,0.024316944897473006
534.916757488068,0.024316944897473065
535.2211657709797,0.025636326986861156
535.4748393400729,0.02662586355390218
535.880717050622,0.026131095270381623
536.0836559058965,0.025801249748034605
536.4895336164456,0.026790786315075813
536.6924724717201,0.025966172509208102
537.0137923259048,0.030309138553444095
537.1998196099064,0.033717542284363446
537.1998196099064,0.028357552546224244
537.4027584651809,0.03693353612724704
537.3520237513624,0.032892928478495835
537.6056973204554,0.03981968444778354
537.5549626066369,0.034542156090231035
537.80863617573,0.042375987245973135
537.7579014619114,0.04047937549247773
537.9608403171859,0.050374741162888634
538.0115750310046,0.04262337138773344
538.2145138862791,0.049879972879368094
538.231425457552,0.04212860310421284
538.3328948851893,0.05840098220666664
538.366718027735,0.05004489564054161
538.366718027735,0.04471239302926457
538.6203915968281,0.06534148173938537
538.8233304521027,0.06389840757911716
538.9247998797399,0.0711550090707519
539.04318087865,0.07852155906983564
538.9755345935586,0.06356856205677007
539.1277387350144,0.0888017445163182
539.1277387350144,0.07140239321251217
539.1277387350144,0.06686701728024037
539.330677590289,0.09671803705264702
539.330677590289,0.07066024078723132
539.4321470179262,0.10628355720071099
539.4321470179262,0.10125341298491869
539.4828817317449,0.09622326876912651
539.6350858732008,0.10062120906708678
539.7365553008381,0.11387000421469277
539.6858205870194,0.10699822249912956
539.7872900146567,0.11931245533341885
539.8380247284754,0.10023638929101544
539.9394941561126,0.10765791354382376
539.8887594422939,0.09490388667973833
540.0409635837499,0.12129152846750103
539.9902288699312,0.11799307324403069
539.9902288699312,0.10018141503729092
540.0916982975684,0.1424016418977113
540.1931677252057,0.1196423008557659
540.3622834379345,0.15614520532883755
540.294637152843,0.15163731652342818
540.294637152843,0.14613989115097775
540.294637152843,0.1424016418977112
540.3961065804803,0.11997214637811299
540.4975760081176,0.16911912920782096
540.5483107219362,0.15753330523538145
540.5483107219362,0.144875483315314
540.5990454357549,0.1656007769694526
540.5990454357548,0.16219237323853333
540.6497801495734,0.15361638965751034
540.7512495772107,0.183467409429917
540.7512495772107,0.17043851129720922
540.7512495772107,0.1597185318209305
540.7005148633921,0.1439684081288596
540.8019842910294,0.17538619413241466
541.0556578601226,0.23261439225962513
541.0556578601226,0.21768888237342174
541.0556578601226,0.20845320774770476
541.0556578601224,0.18544648256399926
541.1063925739411,0.22519286800681682
541.2078620015784,0.2585072657638673
541.2078620015784,0.23541807919957486
541.2078620015784,0.23047039636436936
541.2585967153971,0.21579227061992629
541.2585967153971,0.21051474226237388
541.2078620015784,0.18544648256399912
541.3600661430344,0.2644444851661139
541.3769777143071,0.24351761924831863
541.4615355706716,0.2677429403895841
541.4615355706716,0.2581224459877956
541.4108008568529,0.2533946601674882
541.410800856853,0.23541807919957486
541.4615355706716,0.23071778050612957
541.4784471419445,0.21504095581902474
541.4108008568529,0.21067966502354726
541.5122702844901,0.2870938777006102
541.5630049983088,0.2433343717359037
541.6137397121274,0.29544996426673503
541.6137397121274,0.2601564933756025
541.6137397121274,0.23343900606549262
541.8674132812206,0.3464110974693518
541.8843248524935,0.3343350864012021
541.8674132812206,0.3278572868373313
541.8505017099478,0.3221674515768449
541.8505017099477,0.31480090157776097
541.816678567402,0.2603763903905004
541.8674132812206,0.25644573124919834
541.816678567402,0.246302981437027
541.9688827088579,0.3818145168679333
541.9688827088579,0.37642704000293203
541.9688827088579,0.36999505231716473
541.9688827088579,0.3651573179894082
541.9181479950392,0.360979274706346
541.9181479950392,0.3518535485880779
541.9181479950392,0.3412984918729728
542.0703521364951,0.35902768869912594
542.0196174226764,0.33635080903776726
542.0703521364951,0.32958897582965313
542.0703521364951,0.32464129299444766
542.0703521364951,0.3165600776969453
542.1210868503138,0.4280478642502428
542.1718215641324,0.4191970094005975
542.1210868503138,0.4171629620127907
542.1718215641324,0.383518718733393
542.1549099928595,0.37570321232889237
542.1210868503138,0.3633981418702241
542.2225562779511,0.4316761649960601
542.2732909917697,0.422852797273277
542.2225562779511,0.4125451246999323
542.2225562779511,0.4072675963423796
542.2225562779511,0.40199006798482706
542.2225562779511,0.3967125396272746
542.2225562779511,0.392094702314416
542.2225562779511,0.3863773799270674
542.2732909917697,0.37238643235418073
542.2732909917697,0.357186051199355
542.2732909917697,0.33560865661248657
542.2902025630426,0.3287643620237855
542.2225562779511,0.324146524710927
542.2902025630425,0.3173297172490884
542.3240257055884,0.4930274321526084
542.3578488481342,0.4817577101390849
542.3747604194069,0.44503490865111506
542.3747604194069,0.439592457532389
542.3240257055884,0.43596415678657163
542.3747604194069,0.4179875758186582
542.3747604194069,0.38327133459163293
542.3240257055884,0.37675688552527903
542.3240257055883,0.3683458247054295
542.3240257055884,0.3630682963478771
542.4254951332256,0.4231001814150373
542.4254951332256,0.3924245478367631
542.4254951332256,0.3875868135090067
542.5946108459543,0.5505305015484416
542.5269645608628,0.5474519433398691
542.5269645608629,0.5421744149823166
542.6791687023187,0.5967638489307509
542.6791687023187,0.5819208004251344
542.6960802735916,0.5688919022924264
542.6622571310459,0.5618185483132064
542.6791687023187,0.5566463872752927
542.7806381299561,0.6070990086309577
542.7299034161374,0.6045152187059061
542.7299034161374,0.5867035604991663
542.7299034161374,0.5761485037840611
542.7299034161374,0.546462406772828
542.7806381299561,0.5422568763629034
542.8313728437746,0.6200179582562168
542.8821075575933,0.6001722526616701
542.8313728437746,0.5957743123637097
542.8313728437746,0.5919810888567189
542.8313728437747,0.5659232925913031
542.8990191288661,0.555478184383647
542.9835769852306,0.6665261769071485
543.0004885565033,0.6589397298931667
542.9835769852306,0.6530025104909202
542.9666654139577,0.6135859705704494
542.9835769852306,0.6050099869894267
543.0004885565035,0.5470121493100729
542.9835769852306,0.5425042605046637
543.1019579841407,0.6851074746660316
543.0850464128678,0.6722984735482215
543.0343116990491,0.6473951366110205
543.0343116990491,0.642117608253468
543.0343116990492,0.6368400798959154
543.0343116990491,0.6315625515383629
543.0343116990491,0.6262850231808103
543.0343116990491,0.6203478037785637
543.0850464128678,0.5937952392296275
543.0850464128678,0.5651811401660223
543.0850464128679,0.5606457642337505
543.0850464128678,0.5542962379285701
543.1865158405051,0.7368657345476536
543.1357811266864,0.7324952813765555
543.1357811266864,0.7263381649594107
543.1357811266864,0.7224899671986953
543.1357811266864,0.7172124388411427
543.203427411778,0.6770812336222538
543.1865158405051,0.6677905847428122
543.203427411778,0.6609737772809735
543.1865158405051,0.6551465063861758
543.1357811266864,0.651683128401532
543.1865158405051,0.6149053526598376
543.203427411778,0.6033607593776915
543.1357811266864,0.5982481537813126
543.2372505543237,0.747998020926866
543.2372505543237,0.6909347455608292
543.2372505543237,0.6853273716809295
543.2372505543237,0.6224368254200948
543.3894546957796,0.8044016052482088
543.3894546957796,0.7934067545033077
543.3387199819609,0.6028659910941709
543.5078356946897,0.8494804933023035
543.474012552144,0.8113283612174965
543.4401894095981,0.7994539224130033
543.5416588372354,0.8400249216616886
543.5416588372356,0.8347473933041359
543.5416588372354,0.8294698649465836
543.5416588372354,0.8241923365890309
543.5416588372354,0.8189148082314784
543.5416588372354,0.8077000604716793
543.609305122327,0.7936449762694474
543.6938629786914,0.8612174964724855
543.7107745499643,0.8552527899433765
543.6431282648728,0.8489307507650584
543.6431282648728,0.8453024500192411
543.6431282648728,0.8126477433068847
543.6431282648728,0.8012680727859122
543.8122439776015,0.9134155503839038
543.7445976925101,0.910611863443954
543.7953324063287,0.8730919352769787
543.7953324063286,0.8654230268824101
543.8122439776015,0.8067105239046382
543.8460671201473,0.9059940261310954
543.8460671201473,0.9007164977735429
543.8460671201473,0.8954389694159902
543.8460671201473,0.8901614410584379
543.8460671201473,0.8848839127008852
543.8460671201474,0.8796063843433326
543.9137134052388,0.859419838375694
543.8968018339659,0.8535211009510547
543.9137134052387,0.845522347034139
543.8968018339659,0.8123178977845377
543.9137134052387,0.7989774788807241
543.8460671201473,0.7936816257719304
543.9982712616031,0.9256198347107438
543.9982712616032,0.9125084751974493
543.9982712616031,0.8735592164336369
543.9475365477845,0.8703707097176157
543.9475365477846,0.8070403694269851
544.2012101168777,0.9346905865752875
544.2012101168777,0.9129207821003831
544.3195911157878,0.9419471880669222
544.4041489721523,0.9340308955305933
544.3534142583336,0.9129207821003832
544.4548836859708,0.9379890417987578
544.6239993986997,0.9458137105788791
544.7085572550641,0.955635777244324
544.7085572550641,0.9367796082168187
544.8100266827013,0.9455754888127395
544.8607613965199,0.9528320903043742
545.2159043932504,0.964211760825347
545.3681085347063,0.9647065291088676
545.7232515314367,0.9649539132506277
545.9261903867113,0.9725128731377471
545.8754556728926,0.9689945208993789
545.8754556728926,0.9637169925418263
546.0783945281671,0.9746018947792784
546.1291292419858,0.96693298638471
546.2813333834417,0.978999835077239
546.3320680972603,0.9754265085851461
546.3320680972603,0.9687471367576187
546.4335375248976,0.9907643253742832
546.4335375248976,0.9824632130618828
546.4842722387161,0.9751791244433857
546.4842722387161,0.9699840574664199
546.7379458078094,0.999230360447857
546.6872110939908,0.9821883417932604
546.9408846630839,0.9989554891792347
547.1438235183584,0.9981858496270913
547.1438235183584,0.9868886404867054
547.3467623736329,0.9877957156731598
547.4313202299974,0.9962892378735959
547.5497012289075,0.9901046343295892
547.6511706565448,0.997691081343571
547.6511706565448,0.9937989041798759
547.752640084182,0.9895274046654817
547.8033747980006,0.9967015447765297
547.8033747980007,0.9808689597038721
547.9555789394565,0.9896923274266554
548.1585177947311,0.9876307929119864
548.2430756510955,0.9805391141815251
548.2599872223684,0.8867530373275183
548.3614566500056,0.9773231203386414
548.310721936187,0.9719631306005022
548.310721936187,0.9666856022429496
548.310721936187,0.9614080738853971
548.3107219361871,0.9561305455278445
548.310721936187,0.950853017170292
548.3107219361871,0.9455754888127395
548.3614566500056,0.9411225742610545
548.3614566500056,0.936504736948196
548.310721936187,0.9340308955305933
548.3614566500056,0.9299078265012554
548.3445450787327,0.9246852723974273
548.310721936187,0.9076432537428305
548.3614566500056,0.9033552619523191
548.3614566500056,0.8989023474006341
548.310721936187,0.893130050759561
548.310721936187,0.8825749940444559
548.310721936187,0.8769676201645564
548.3614566500056,0.8556925839731726
548.3614566500056,0.85041505561562
548.3614566500056,0.8451375272580676
548.3614566500056,0.839859998900515
548.3614566500056,0.8345824705429624
548.3614566500056,0.8293049421854101
548.3614566500056,0.8246871048725514
548.3614566500056,0.796815158234227
548.3614566500056,0.7908779388319804
548.3614566500056,0.7857653332356014
548.3614566500056,0.7818071869674371
548.310721936187,0.776562643162119
548.4121913638243,0.9828480328379544
548.4629260776429,0.8875226768796615
548.4629260776428,0.8711128621428966
548.4798376489157,0.8652800938227264
548.4629260776428,0.8598486375547453
548.5136607914615,0.9780652727639223
548.5136607914615,0.9198475380696709
548.5136607914615,0.9092924813545656
548.5136607914615,0.9054442835938503
548.581307076553,0.8999468582213996
548.5136607914615,0.8944494328489492
548.5643955052801,0.8549504315478917
548.5643955052801,0.8499202873320997
548.5643955052801,0.8446427589745471
548.5643955052801,0.8397280606915761
548.5643955052801,0.8351597002070698
548.5136607914615,0.8325044437521764
548.5643955052801,0.8285627897601291
548.5643955052801,0.8245551666636126
548.5474839340072,0.7956277143537778
548.5643955052801,0.7870847153249895
548.5643955052801,0.782466878012131
548.5136607914615,0.778013963460446
548.6151302190988,0.9431016473951367
548.6151302190988,0.9390445474702682
548.6151302190988,0.9351853548588078
548.6151302190988,0.9311282549339396
548.6151302190988,0.9257022960913306
548.6658649329174,0.8869454472155541
548.6658649329174,0.8705686170310238
548.6827765041903,0.8648402997929303
548.6658649329174,0.8594033460995768
548.6658649329174,0.8194095765149989
548.6658649329174,0.7938465485331038
548.7165996467361,0.9158893918015063
548.7165996467361,0.9119312455333421
548.7165996467361,0.8937897418042552
548.7165996467361,0.881255611955068
548.7165996467361,0.8759780835975153
548.7165996467361,0.8546040937494275
548.7165996467361,0.8507449011379673
548.7165996467361,0.8466878012130987
548.7165996467361,0.842993531362812
548.7165996467361,0.8390353850946474
548.7165996467361,0.8350772388264831
548.7165996467361,0.8311190925583186
548.7165996467361,0.8269960235289808
548.7165996467361,0.8233677227831633
548.7165996467361,0.7819721097286106
548.9195385020106,0.4079272873870737
549.0210079296478,0.7519561671950303
549.0210079296478,0.7466786388374779
549.0210079296478,0.7397518828681903
549.0210079296478,0.7328251268989024
549.0210079296478,0.7284271866009419
549.0210079296478,0.7229297612284914
549.0210079296478,0.7176522328709388
549.0210079296478,0.7123747045133865
549.0210079296478,0.7064374851111397
549.0210079296478,0.7024793388429754
549.0886542147393,0.6439537483278663
549.0717426434665,0.6385222920598853
549.0717426434665,0.6339539315753789
549.0886542147393,0.6281211632552088
549.0717426434665,0.6226897069872276
549.0717426434665,0.6181213465027211
549.0886542147393,0.6122885781825512
549.0717426434665,0.60685712191457
549.0717426434665,0.6022887614300636
549.0886542147393,0.5964559931098935
549.0717426434665,0.5910245368419123
549.0886542147393,0.5854391526635025
549.0210079296478,0.580381521320848
549.0717426434665,0.5742106613402722
549.0717426434665,0.5690568250535999
549.0717426434665,0.5423393377434902
549.0717426434665,0.5377215004306316
549.0886542147393,0.4265085851459567
549.1224773572851,0.6863169082479705
549.1224773572851,0.6807095343680711
549.1224773572851,0.6615784940719429
549.1224773572851,0.6566308112367374
549.1732120711038,0.6511058987374246
549.1732120711038,0.5326088948342527
549.1224773572851,0.526011984387312
549.1224773572851,0.5207344560297593
549.1224773572851,0.5154569276722069
549.1224773572851,0.5101793993146543
549.1224773572851,0.5049018709571017
549.1224773572851,0.49962434259954924
549.1224773572851,0.4943468142419968
549.1224773572851,0.48906928588444415
549.1224773572851,0.4837917575268915
549.1224773572851,0.4785142291693391
549.1224773572851,0.4732367008117864
549.1732120711038,0.4667497388722947
549.1224773572851,0.46411097469351853
549.1224773572851,0.4583936523061699
549.1732120711038,0.45163181909805566
549.1563004998309,0.4455663264371187
549.1224773572851,0.4392626120100419
549.1224773572851,0.43398508365248945
549.1224773572851,0.4168331164904437
549.1732120711038,0.41246266331934534
549.1732120711038,0.40710267358120616
549.1732120711038,0.4018251452236536
549.1224773572851,0.39506331201553935
549.2239467849224,0.6464056000439794
549.2239467849223,0.6411280716864268
549.2239467849223,0.6358505433288744
549.2239467849224,0.6305730149713217
549.2239467849224,0.6252954866137692
549.2239467849224,0.6200179582562168
549.2239467849224,0.6147404298986641
549.2239467849224,0.6094629015411115
549.2239467849223,0.604185373183559
549.2239467849224,0.5989078448260065
549.2239467849224,0.5936303164684539
549.2239467849223,0.5883527881109013
549.2239467849224,0.584394641842737
549.2239467849224,0.5761485037840611
549.2746814987411,0.5657583698301296
549.2239467849224,0.5599860731890565
549.2239467849224,0.5547085448315039
549.2239467849224,0.549595939235125
549.2239467849224,0.5451430246834399
549.2239467849224,0.5412948269227246
549.2239467849224,0.5375565776694582
549.3930624976512,0.4662219860365394
549.3761509263783,0.4489930549192795
549.3254162125596,0.44470506312876806
549.3254162125596,0.4405819940994302
549.3254162125597,0.43662384783126573
549.3254162125596,0.43266570156310125
549.3254162125596,0.428707555294937
549.3761509263783,0.4249143317879461
549.3761509263783,0.4116380495134778
549.3761509263783,0.4072675963423797
549.3761509263783,0.4024023748877608
549.3254162125596,0.39872459731359144
549.3761509263783,0.39176485679206907
549.3930624976512,0.3557567206025178
549.4268856401969,0.5428341060270107
549.4268856401969,0.5375565776694582
549.4268856401969,0.5322790493119055
549.4945319252884,0.39493503875684866
549.5283550678341,0.43992230305473595
549.5283550678341,0.43464477469718343
549.5283550678341,0.42936724633963097
549.5283550678341,0.4250792545491195
549.5283550678341,0.4168331164904435
549.5283550678341,0.4101042678345641
549.5283550678341,0.4033754191786846
549.5790897816528,0.39860915138077
549.6805592092901,0.3905279360832677
549.6298244954714,0.332392662769603
549.7989402082002,0.3595499441095087
549.832763350746,0.3798904179875758
549.832763350746,0.3752725806747172
549.9004096358375,0.3518535485880779
549.8834980645646,0.33964926426123765
549.9342327783833,0.36636675157134746
549.9849674922019,0.3614602994264353
549.9849674922019,0.3557292334756556
549.9849674922018,0.34311264224588145
549.9342327783833,0.33338219933664404
549.9342327783833,0.3264554433673563
549.9849674922018,0.31557054112990424
549.9849674922019,0.3094683989664841
550.0864369198391,0.3464935588499386
550.0357022060205,0.3386597276941964
550.0357022060205,0.32062817247255876
550.0864369198391,0.3048505616536255
550.103348491112,0.2948818969782485
550.1879063474764,0.32307452676329923
550.1879063474764,0.31400377489875575
550.1879063474764,0.3089406461307288
550.2386410612951,0.3409686463506258
550.3062873463865,0.3038830147880743
550.2893757751137,0.29874841949020553
550.2386410612951,0.2962745780726026
550.3401104889323,0.32480621575562113
550.3401104889323,0.31365743710029126
550.3401104889323,0.3097982444888311
550.4923146303883,0.2966868849755365
550.5430493442068,0.28522475307397704
550.6952534856628,0.2889355152003812
550.7967229133001,0.28485367686133667
550.9489270547558,0.2875336717304062
550.9996617685745,0.28308075717872133
550.9996617685746,0.27887522676879656
551.2026006238491,0.2825859888952007
551.3040700514864,0.2556211174433308
551.5070089067608,0.2799472247164244
551.5239204780337,0.2730387934983782
551.4562741929423,0.26823770867310476
551.6084783343981,0.26093987649117656
551.6084783343981,0.255538656062744
551.5577436205795,0.24960143666049744
551.7099477620354,0.2682377086731048
551.7606824758541,0.25883711128621434
551.8114171896726,0.2544941452419782
551.9128866173099,0.2491066683769767
551.9636213311286,0.256198347107438
551.9636213311286,0.25257004636162067
552.0143560449471,0.22766670942441963
552.1158254725844,0.24778728628758873
552.2172949002218,0.22783163218559313
552.2680296140404,0.24267468069120965
552.3187643278591,0.23690238405013647
552.3356758991318,0.23164318044382537
552.318764327859,0.22222425830569348
552.4371453267692,0.21859595755987615
552.4709684693149,0.2360777702442689
552.4709684693149,0.22794158069304207
552.6231726107708,0.21865093181360054
552.8261114660453,0.21793626651518205
552.876846179864,0.20408275457660666
552.876846179864,0.19995968554726865
552.9783156075013,0.21628703890344692
553.1305197489571,0.21125689468765455
553.1305197489571,0.20523721390482128
553.14743132023,0.19814553517435998
553.0797850351385,0.1945172344285426
553.3334586042316,0.2030932180095656
553.3503701755045,0.19477378094592368
553.4856627456875,0.2017738359201773
553.5363974595061,0.19641384618203805
553.6378668871434,0.18717817155632113
553.7393363147808,0.19369262062267506
553.840805742418,0.18717817155632113
553.8915404562366,0.1923182642795625
553.9422751700553,0.1819006431987686
553.9422751700553,0.17604588517710873
553.9930098838738,0.18866247640688275
554.0944793115111,0.18330248666874346
554.1283024540569,0.1781459016693849
554.3481528806043,0.17709039599787443
554.2974181667856,0.1519671620457753
554.5510917358788,0.17571603965476174
554.5510917358788,0.15064777995638717
554.6525611635161,0.14718440197174332
554.6525611635161,0.13910318667424085
554.7540305911534,0.16337431969361
554.7032958773348,0.15944366055230794
554.7540305911534,0.15501823312748522
554.8724115900635,0.14405086950944637
554.8047653049721,0.14075241428597615
554.804765304972,0.13646442249546464
554.8555000187906,0.13052720309321794
554.9738810177007,0.15422110644848
555.0584388740651,0.14553517436000807
555.0584388740651,0.1393505708160011
555.0077041602465,0.13547488592842344
555.1091735878838,0.1496582433893459
555.1091735878838,0.12953766652617688
555.2613777293398,0.14207179637536427
555.2613777293398,0.13654688387605138
555.2106430155211,0.10677832548423152
555.3121124431583,0.13003243480969748
555.4643165846143,0.13432042660020885
555.5657860122515,0.12156639973612356
555.5657860122515,0.1139524655952795
555.6165207260701,0.12541459749683898
555.6503438686159,0.10783199868061798
555.6165207260701,0.10007146652984177
555.6841670111617,0.09534368070953449
555.7687248675261,0.11579410309505037
555.7179901537074,0.11304539040882525
555.7687248675261,0.10463432958897582
555.8871058664362,0.10045628630591345
555.8194595813446,0.0932546590680031
555.9716637228005,0.10394715141741953
555.9716637228005,0.07775191951769247
556.0731331504378,0.09919187847024973
556.1746025780751,0.09385937585897264
556.1238678642565,0.07082516354840478
556.326806719531,0.091935276978615
556.3775414333496,0.08286452511407158
556.326806719531,0.06917593593666962
556.4790108609868,0.07758699675651909
556.4790108609868,0.07263931392131344
556.5804802886241,0.06892855179490943
556.5297455748055,0.06422825310146418
556.6312150024428,0.07346392772718108
556.7665075726258,0.06763665683238347
556.8341538577173,0.06422825310146421
557.0878274268105,0.05573473090102806
557.0370927129918,0.049385204595847644
557.1385621406291,0.0619193344450349
557.2062084257207,0.04630664638727527
557.2400315682664,0.05565226952044117
557.3922357097223,0.05240878855069557
557.3922357097223,0.047158747320005044
557.6966439926341,0.04616921075296401
558.0010522755458,0.04295321691008042
557.9503175617272,0.0335526195231899
558.0517869893645,0.03817045683604838
558.2547258446391,0.03693353612724705
558.3561952722763,0.03421231056788406
558.812807696644,0.03124370086676073
558.9650118380998,0.031243700866760735
559.1679506933745,0.03091385534441374
559.3201548348303,0.025801249748034615
559.4723589762862,0.027615400120943347
559.7260325453793,0.02637847941214189
559.8782366868353,0.025801249748034726
560.1319102559285,0.02448186765864644
560.4363185388403,0.02349233109160535
560.5885226802961,0.02332740833043191
560.8421962493893,0.02118341243517623
561.0451351046638,0.021760642099283422
561.298808673757,0.019369262062267446
561.5017475290315,0.01739018892818525
562.2120335224924,0.016730497883491242
562.414972377767,0.017720034450532253
562.8715848021346,0.017225266167011775
563.0237889435905,0.015740961316450197
563.2774625126837,0.015576038555276553
563.5311360817768,0.014091733704714917
563.7340749370513,0.01607080683879709
564.5458303581495,0.013102197137673893
564.90097335488,0.013761888182367924
565.0531774963358,0.01442157922706199
565.306851065429,0.012607428854153344
565.6112593483408,0.013844349562954621
565.864932917434,0.013102197137673808
566.0678717727085,0.012112660570632783
566.270810627983,0.013432042660020953
566.9303619076252,0.010793278481244593
567.0825660490812,0.010793278481244634
567.3362396181743,0.011123124003591688
567.5899131872675,0.01145296952593867
567.792852042542,0.010463432958897526
568.3509338945469,0.010133587436550507
568.5538727498215,0.01137050814535183
568.8582810327333,0.011452969525938645
569.0612198880078,0.011123124003591575
569.314893457101,0.011452969525938614
569.5685670261942,0.011288046764765223
569.872975309106,0.011343021018489698
570.0759141643805,0.010958201242418197
570.2281183058363,0.011452969525938722
570.684730730204,0.010958201242418116
570.8876695854785,0.010463432958897623
571.0906084407532,0.01021604881713734
571.5472208651208,0.010793278481244575
571.8516291480327,0.009803741914203534
572.5619151414935,0.010133587436550528
572.764853996768,0.011123124003591573
573.0185275658612,0.010958201242418069
573.170731707317,0.01079327848124468
573.4751399902289,0.013102197137673808
573.728813559322,0.013596965421194393
573.9824871284152,0.014751424749408956
574.2361606975084,0.01475142474940899
574.4390995527829,0.015081270271756025
574.6420384080574,0.01549357717468985
574.7942425495133,0.01590588407762364
575.1493855462437,0.016812959264078053
575.3523244015182,0.017884957211705875
575.65673268443,0.02110095105458939
576.0626103949792,0.030666471202653364
576.0118756811605,0.025966172509208206
576.2655492502537,0.034377233329057594
576.214814536435,0.02629601803155521
576.3670186778909,0.041139066537171774
576.4515765342553,0.03384581554305396
576.5192228193469,0.04262337138773338
576.5192228193469,0.026296018031555155
576.77289638844,0.05268365981931792
576.77289638844,0.048230745267633005
576.8743658160772,0.056641806087482316
576.8236311022586,0.036191383701966236
576.9251005298959,0.06323871653442299
576.9927468149874,0.04889043631232698
577.0773046713518,0.057796265415697
577.1280393851705,0.07159480310054796
577.1618625277163,0.06565758369830137
577.178774098989,0.04740613146176542
577.2295088128077,0.05771380403511014
577.3309782404449,0.07379377324952811
577.4831823819009,0.08426636858404647
577.601563380811,0.08827032673031456
577.6861212371754,0.08311190925583188
577.8045022360855,0.0931721976874164
577.8890600924499,0.0834417547781789
578.0074410913601,0.10003481702735866
577.9905295200872,0.09358450459035014
578.1089105189973,0.10897729563321176
578.0412642339058,0.08220483406937741
578.142733661543,0.08962635832218577
578.2442030891804,0.12030199190046002
578.3794956593633,0.1251397262282164
578.4978766582735,0.1315992010408459
578.4978766582735,0.12071429880339364
578.6500807997294,0.1318465851826062
578.700815513548,0.12104414432574079
578.853019655004,0.13313848014513216
578.8530196550039,0.12008209488556203
579.2081626517344,0.13547488592842347
579.3096320793716,0.12623921130270663
579.5125709346462,0.13547488592842358
579.4618362208275,0.12623921130270646
579.9184486451952,0.1373440105550567
580.0368296441054,0.14328122995730336
580.1213875004697,0.13613457697311765
580.1721222142884,0.14520532883766096
580.1721222142884,0.14141210533067006
580.3074147844713,0.1521320848069488
580.3243263557442,0.13728903630133216
580.4427073546544,0.16109288816404305
580.5272652110189,0.1536163896575104
580.5272652110189,0.14899855234465184
580.4765304972002,0.14570009712118157
580.5272652110189,0.14141210533067008
580.4765304972002,0.13498011764490286
580.628734638656,0.1689542064466475
580.5779999248375,0.1648311374173095
580.6794693524747,0.1430613329424054
580.8824082077492,0.16944897473016807
581.1360817768424,0.16994374301368867
581.3390206321169,0.16953143611075486
581.5250479161186,0.16567407597441858
581.5419594873915,0.15864653387330255
581.5419594873915,0.1537400817283906
581.4912247735729,0.14635978816587564
581.6434289150287,0.144243279397482
581.6941636288474,0.16186252771618623
581.7618099139388,0.15262685309046922
581.8463677703032,0.15757453592567477
581.8463677703032,0.13514504040607653
581.9478371979405,0.14339117846475244
581.9985719117592,0.15196716204577512
582.0662181968507,0.14683623169815488
582.0493066255779,0.13506257902548965
582.2015107670337,0.14372102398709938
582.2015107670337,0.12722874786974767
582.3029801946709,0.13811365010719978
582.3537149084896,0.1318465851826061
582.5566537637642,0.1312693555184989
582.7595926190387,0.12978505066793708
583.1654703295877,0.130527203093218
583.3176744710436,0.13217643070495325
583.4698786124995,0.13555734730901028
583.5206133263182,0.13019735757087106
583.672817467774,0.13407304245844853
583.7235521815927,0.13965292921148578
583.7235521815927,0.12970258928735043
583.8250216092299,0.13580473145077054
584.0786951783231,0.15312162137398977
584.1970761772332,0.15768448443312377
584.1294298921418,0.14042256876362894
584.3323687474162,0.16268714152205377
584.3831034612349,0.1585915596195781
584.3831034612349,0.15073024133697374
584.4845728888722,0.16664528779021814
584.5860423165094,0.16362170383537028
584.5860423165094,0.15666746073922053
584.5860423165094,0.15229700756812226
584.7382464579654,0.16944897473016807
584.7382464579654,0.15460592622455152
584.9919200270585,0.16961389749134156
585.1441241685144,0.1699437430136886
585.1441241685144,0.16318190980557434
585.4485324514262,0.1701086657748621
585.7022060205194,0.1719228161477708
585.9558795896126,0.169119129207821
586.1588184448871,0.1710982023419033
586.4124920139802,0.17008117864799988
586.4124920139802,0.16623298088728453
586.5646961554362,0.16450129189496246
586.7676350107106,0.16582067398435066
586.9705738659852,0.16252221876088027
587.2242474350784,0.1651609829396566
587.41027471908,0.16686518480511625
587.5793904318087,0.16977882025251517
587.6301251456274,0.1648311374173095
587.7485061445376,0.1747265030877206
587.8330640009019,0.18159828480328374
587.7823292870833,0.1704385112972091
587.7823292870833,0.16532590570083008
587.9345334285392,0.1741492734236133
588.1543838550866,0.1949387037070972
588.1374722838137,0.17332465961774574
588.3404111390882,0.1992999945025747
588.4587921379984,0.20523721390482116
588.3911458529069,0.19187847024976626
588.5433499943629,0.19847538069670714
588.6448194220001,0.20809587509849567
588.5940847081814,0.2037529090542597
588.5940847081815,0.1916310861080061
588.6955541358187,0.19995968554726865
588.8477582772746,0.21010243535944004
588.9492277049119,0.20729874841949014
589.1521665601864,0.2078759780835976
589.3551054154609,0.20883802752377653
589.3043707016423,0.18825016950394907
589.5580442707355,0.2054021366659948
589.5580442707354,0.187590478459255
589.5411326994627,0.18264279562404948
589.6595136983727,0.19995968554726865
589.6595136983727,0.1774477286470837
589.7102484121914,0.19352769786150156
589.7609831260099,0.18462186875813152
589.8117178398286,0.1978156896520129
589.8117178398286,0.18934965457843925
589.8793641249201,0.1751113228637922
589.9639219812846,0.18519909842223883
589.9131872674659,0.18165325905700838
590.0823029801946,0.17566106540103715
590.1668608365591,0.18231295010170245
590.2683302641964,0.1770354217441498
590.2175955503777,0.15114254823990766
590.3697996918336,0.14908101372523858
590.4712691194709,0.1663154422678712
590.4712691194709,0.16026827435817562
590.4712691194709,0.1529566986128163
590.4205344056522,0.14405086950944648
590.5220038332895,0.17043851129720922
590.6742079747454,0.15922376353741002
590.6234732609267,0.1562551538362867
590.6742079747454,0.15103259973245867
590.6742079747454,0.14355610122592583
590.8940584012928,0.15053783144893795
590.9786162576572,0.14366604973337488
590.9786162576572,0.12722874786974764
591.1308203991131,0.14141210533067008
591.2322898267503,0.13349581279434136
591.2830245405689,0.12876802697403394
591.2830245405689,0.12409521540745082
591.4352286820249,0.12788843891444165
591.4859633958436,0.12261091055688911
591.7058138223908,0.12030199190045997
591.8918411063926,0.1196972751094905
592.0102221053027,0.11326528742372309
592.1962493893044,0.11535430906525442
592.1962493893043,0.11106631727474299
592.3991882445789,0.11123124003591656
592.5513923860348,0.11139616279709
592.7543312413093,0.11040662623004888
592.9572700965839,0.10974693518535485
593.3124130933143,0.10842755309596662
593.5153519485889,0.10941708966300782
593.7690255176819,0.11139616279708994
594.1241685144124,0.11134118854336536
594.3271073696869,0.11172600831943708
594.5300462249614,0.11189093108061052
594.732985080236,0.11255062212530469
594.6822503664174,0.10842755309596676
595.1895975046037,0.11139616279709004
595.1895975046036,0.09424419563504423
595.4432710736969,0.10446940682780236
595.4432710736969,0.09853218742555561
595.4940057875156,0.11106631727474309
595.561652072607,0.09204522548606398
595.7984140704273,0.09704788257499401
595.8660603555188,0.091935276978615
595.8491487842459,0.07437100291363537
596.1028223533391,0.0846786754869802
596.1535570671577,0.07766945813710588
596.1028223533391,0.07511315533891631
596.255026494795,0.06972567847391474
596.3564959224323,0.07470084843598251
596.3564959224323,0.0643931758626377
596.4072306362509,0.0701654725037107
596.6778157766169,0.0655476351908522
596.8131083467999,0.06323871653442298
596.9653124882559,0.05829103369921748
597.0160472020744,0.05367319638635898
597.0667819158931,0.048189514577339505
597.218986057349,0.0474061314617653
597.8785373369913,0.04625167213355069
598.2336803337216,0.046086749372377236
598.5888233304521,0.04658151765589787
598.741027471908,0.044767367282989114
598.8932316133639,0.04923402539810536
599.0454357548198,0.04872551355115343
599.1976398962756,0.05070458668523578
599.2483746100943,0.05598211504278835
599.6204291780977,0.05939051877370758
599.8571911759179,0.0638984075791171
599.9079258897366,0.0589507247439116
600.0601300311924,0.06103974638544264
600.4152730279229,0.06637224899671978
600.6182118831974,0.06571255795202571
600.7704160246533,0.0660424034743729
601.1255590213838,0.06637224899671985
601.3284978766583,0.06604240347437287
601.5821714457514,0.06554763519085233
601.785110301026,0.06521778966850526
601.8358450148446,0.06065492660937139
601.8865797286633,0.05499257847574722
602.0218722988462,0.059647065291088666
602.0895185839378,0.05103443220758282
602.190988011575,0.05895072474391158
602.6306888646699,0.05202396877462383
602.6476004359426,0.044107676238294966
602.7998045773986,0.052353814296970974
602.8505392912173,0.04658151765589785
602.7998045773986,0.04262337138773344
603.0027434326731,0.04454747026809116
603.1042128603104,0.04113906653717182
603.4593558570408,0.03709845888842049
603.6622947123154,0.03668615198548676
603.8652335675899,0.037015997507833756
603.9667029952271,0.03421231056788398
604.7784584163253,0.030254164299719548
604.9813972715998,0.03025416429971957
605.1843361268743,0.02959447325502548
605.6916832650606,0.03206831467262823
606.0468262617911,0.035201847134925156
606.4019692585216,0.03668615198548685
606.8078469690706,0.03734584303018095
606.9600511105265,0.03883014788074246
607.2137246796196,0.04089168239541145
607.5181329625315,0.04204614172362608
607.6196023901687,0.045262135566509626
607.8394528167162,0.046233347382309345
608.0423916719907,0.051584174744827835
607.9747453868991,0.04773597698411236
607.9747453868991,0.04410767623829511
608.2284189559923,0.05614703780396171
608.2284189559923,0.04856059078997996
608.3806230974483,0.05730149713217633
608.6342966665413,0.06222169284051981
608.6342966665413,0.05862087922156456
608.5835619527228,0.050374741162888634
608.7357660941786,0.06727932418317426
608.8541470930888,0.07174140111048001
608.837235521816,0.059507339062872255
608.9387049494533,0.06901101317549604
608.9387049494532,0.05697165160982939
609.0401743770905,0.08121529750233639
608.9894396632718,0.07478330981656928
609.0401743770905,0.06018764545271305
609.243113232365,0.0849260596287406
609.3445826600023,0.09185281559802821
609.395317373821,0.09600337175422843
609.4629636589124,0.08553993879533085
609.5644330865497,0.10141833574609214
609.648990942914,0.13234135346612677
609.648990942914,0.10790529768558398
609.648990942914,0.09341958182917671
609.648990942914,0.08404647156914842
609.6997256567327,0.13811365010719978
609.7504603705513,0.1286305913397225
609.6997256567327,0.12300672518370555
609.6997256567327,0.11909255831852089
609.6997256567327,0.11568415458760148
609.7504603705513,0.10084110608198503
609.7504603705513,0.08847189899397111
609.80119508437,0.1579703505524912
609.80119508437,0.154111157941031
609.80119508437,0.1500540580161623
609.80119508437,0.14462809917355382
609.80119508437,0.11172600831943696
609.9703107970987,0.16779974711843276
609.9533992258258,0.1623572959997068
610.0717802247359,0.1949936779608218
610.054868653463,0.18932216745157684
610.0548686534631,0.17332465961774568
610.0041339396445,0.09820234190320866
610.1056033672817,0.169448974730168
610.1563380811003,0.16565575122317708
610.207072794919,0.2173425445749573
610.207072794919,0.21348335196349705
610.207072794919,0.2098550512176797
610.2747190800105,0.20403144527313044
610.2408959374648,0.19733924611973389
610.2578075087376,0.18731560719063248
610.2747190800105,0.17516629711751672
610.3761885076478,0.2283080757178722
610.359276936375,0.22156456726099957
610.359276936375,0.18228546297484033
610.3085422225563,0.16845943816312695
610.359276936375,0.16219237323853317
610.4607463640123,0.255538656062744
610.4607463640122,0.19682615308497184
610.4607463640122,0.19237323853328683
610.4776579352849,0.18548313206648231
610.4607463640122,0.17882758241556865
610.477657935285,0.17326052298840042
610.5622157916495,0.2508108702424367
610.5114810778308,0.24623701233255774
610.5114810778308,0.24175111322863782
610.5114810778309,0.23200967546865553
610.5114810778308,0.2284913232302872
610.5453042203766,0.22193106228582962
610.5114810778308,0.21463781129171183
610.5453042203766,0.2074361840538015
610.5622157916495,0.20083927360686094
610.5114810778308,0.16411647211889085
610.612950505468,0.3242124938153965
610.6129505054681,0.3203533012039362
610.612950505468,0.3162962012790676
610.612950505468,0.3124370086676072
610.612950505468,0.3083799087427387
610.612950505468,0.3045207161312785
610.612950505468,0.30046361620641004
610.612950505468,0.2966044235949498
610.612950505468,0.2925473236700811
610.612950505468,0.28712136482747236
610.612950505468,0.23673746128896297
610.612950505468,0.19451723442854274
610.612950505468,0.18858001502629612
610.612950505468,0.18396217771343756
610.612950505468,0.17868464935588502
610.6636852192867,0.17291235271481203
610.8835356458341,0.35647138590093647
610.8666240745613,0.3497095526928222
610.8666240745613,0.34522915101427504
610.8158893607426,0.3419581829176669
610.8158893607426,0.3380000366495024
610.8666240745613,0.3337945062395779
610.8666240745613,0.25166297117516634
610.9680935021985,0.41551373440105543
610.9680935021985,0.408916823954115
610.9680935021985,0.40429898664125635
610.9680935021985,0.39869161276135684
611.0188282160171,0.46795917245423396
611.0188282160171,0.46301148961902844
611.0188282160171,0.45773396126147603
611.0188282160171,0.4521265873815762
611.0188282160171,0.4471789045463708
611.0188282160171,0.4419013761888183
611.0188282160171,0.43629400230891885
611.018828216017,0.43156621648861104
611.0695629298357,0.42334756555679753
611.0695629298358,0.36719136537721486
611.0695629298358,0.3579556907514979
611.0188282160171,0.35185354858807794
611.0695629298357,0.34740063403639304
611.0695629298358,0.34311264224588145
611.0188282160171,0.3333821993366442
611.0188282160171,0.25158050979457963
611.1879439287459,0.48840959483974994
611.171032357473,0.4806582250645948
611.171032357473,0.47472100566234815
611.171032357473,0.4263711495116455
611.171032357473,0.4116105623866157
611.171032357473,0.40803723589452257
611.1202976436543,0.4033094500742153
611.1879439287459,0.3906103974638543
611.171032357473,0.38390353850946485
611.171032357473,0.37917575268915715
611.1879439287459,0.3725788422422167
611.1879439287459,0.36264682706932255
611.1202976436543,0.3380000366495024
611.2894133563832,0.4307965769364682
611.2555902138374,0.4199666489527405
611.2725017851103,0.39679500100786136
611.2725017851103,0.3498744754539958
611.2725017851103,0.33420681314251166
611.323236498929,0.5609756097560975
611.323236498929,0.5438236425940518
611.323236498929,0.5395356508035404
611.323236498929,0.5342581224459876
611.3739712127476,0.5279580729691593
611.323236498929,0.5233732202085357
611.323236498929,0.518095691850983
611.323236498929,0.5128181634934306
611.323236498929,0.507540635135878
611.323236498929,0.5039123343900606
611.323236498929,0.487090212750362
611.3908827840204,0.4784042806618899
611.3232364989288,0.47472100566234815
611.323236498929,0.4710927049165307
611.3739712127476,0.4651554855142841
611.323236498929,0.46004287991790505
611.323236498929,0.4547653515603526
611.323236498929,0.4494878232028001
611.323236498929,0.44421029484524743
611.323236498929,0.43893276648769486
611.323236498929,0.41468912059518787
611.323236498929,0.41133569111799323
611.3739712127476,0.4065254439170988
611.3739712127476,0.3940737754484983
611.3739712127476,0.3890711183595683
611.3739712127476,0.3847831265690567
611.3739712127476,0.38011031500247405
611.3739712127476,0.3757123747045133
611.3908827840204,0.3660369060490003
611.3232364989288,0.362518553810632
611.323236498929,0.3570211284381814
611.3232364989288,0.3429477194847081
611.323236498929,0.3386597276941965
611.4247059265662,0.601282732586905
611.4247059265662,0.5974235399754448
611.4247059265662,0.5933664400505763
611.4247059265662,0.5895072474391161
611.4247059265662,0.5854501475142475
611.4247059265662,0.5815909549027871
611.4247059265662,0.5763464110974693
611.4247059265662,0.5484414799069104
611.4754406403848,0.35581169485624237
611.5769100680221,0.6158948892268787
611.5769100680221,0.4453647541734621
611.5261753542035,0.44058199409943005
611.5938216392949,0.4349379707170474
611.5261753542035,0.41122574261054395
611.5261753542034,0.4033094500742152
611.5261753542035,0.3940737754484983
611.6783794956593,0.6646707958439465
611.6783794956593,0.6399736123582124
611.6783794956593,0.6283740448223416
611.6783794956594,0.6232064649722381
611.6276447818407,0.6207875978083598
611.7798489232966,0.6837606054497812
611.7798489232966,0.6792252295175093
611.7798489232966,0.670484323175313
611.729114209478,0.6358505433288744
611.729114209478,0.6318923970607099
611.7798489232966,0.6170081178647999
611.729114209478,0.4461893679793297
611.729114209478,0.4405819940994301
611.881318350934,0.6627879276538822
611.8982299222067,0.6401935093731101
611.881318350934,0.6282915834417548
611.881318350934,0.5990727675871801
611.9320530647525,0.7437100291363546
611.999699349844,0.7345879679683349
611.9827877785712,0.7298565171977792
611.9827877785712,0.6877462388448078
611.999699349844,0.6803522017188618
611.9320530647525,0.6777409246669477
611.9827877785712,0.6722984735482217
611.9827877785712,0.6575378864231918
611.999699349844,0.6517600923567461
611.9827877785712,0.6462736618350406
611.9320530647526,0.632552088105404
611.9658762072983,0.623756207509483
611.9827877785712,0.617873962360961
612.0842572062085,0.7940114712942774
612.0842572062085,0.7865899470414691
612.0842572062085,0.7480804823074527
612.0842572062085,0.7224349929449709
612.0842572062085,0.7171574645874185
612.0842572062083,0.7118799362298657
612.0842572062085,0.7066024078723132
612.0842572062085,0.7013248795147606
612.0842572062085,0.6960473511572081
612.0842572062085,0.6917593593666967
612.1011687774812,0.6604606842462114
612.1011687774812,0.6402668083780764
612.0842572062085,0.5992376903483535
612.1857266338457,0.8073702149493321
612.1688150625728,0.8019827380843305
612.1857266338457,0.7785087317439667
612.1857266338457,0.773231203386414
612.1857266338457,0.7679536750288617
612.1857266338457,0.762676146671309
612.1857266338457,0.7573986183137564
612.1857266338457,0.7438749518975282
612.1349919200271,0.7344743545106376
612.1349919200271,0.7307361052573711
612.134991920027,0.7270528302578293
612.134991920027,0.6832383500393983
612.134991920027,0.6793901522786828
612.1857266338458,0.6745249308240641
612.134991920027,0.6704843231753129
612.1857266338457,0.6539370728042367
612.1857266338457,0.6492642612376536
612.1857266338457,0.6453610892232138
612.1857266338457,0.6294185556431072
612.134991920027,0.6198530354950431
612.134991920027,0.6154001209433582
612.2364613476643,0.7912077843543276
612.2364613476643,0.7832914918179986
612.2364613476643,0.7491524802550807
612.2364613476643,0.6917593593666967
612.2364613476643,0.6635575672060252
612.2364613476643,0.6589397298931666
612.2364613476643,0.6355206978065272
612.2364613476643,0.6236462590020342
612.3886654891203,0.8630316468453941
612.3886654891203,0.8510747466603141
612.5070464880304,0.8756757252020305
612.4732233454846,0.8697843176778876
612.4901349167575,0.8598156530025105
612.5070464880304,0.854208279122611
612.5916043443947,0.888677136207876
612.5916043443947,0.8837294533726705
612.5408696305761,0.863443953748328
612.693073772032,0.8782732586905135
612.7099853433049,0.8598156530025105
612.693073772032,0.852806435652636
612.7945431996693,0.8879349837825952
612.7945431996693,0.8833446335965992
612.7776316283964,0.8698209671803706
612.8960126273066,0.8765828003884848
612.9129241985794,0.852778948525774
612.8960126273066,0.7606146121566401
612.9467473411252,0.8875226768796615
612.9467473411252,0.882245148522109
612.9805704836709,0.8691612761356766
612.9467473411252,0.8601454985248576
612.9467473411252,0.7644902970442178
613.098951482581,0.8753183925528213
613.0482167687625,0.8500852100932732
613.0482167687625,0.7594601528284254
613.2173324814912,0.8699492404390612
613.2004209102183,0.8641036447930222
613.2004209102183,0.8194095765149989
613.2004209102183,0.8140495867768597
613.1496861963997,0.8086895970387205
613.2004209102183,0.7987942313683094
613.2004209102183,0.7935167030107567
613.2004209102183,0.7882391746532041
613.2004209102183,0.7829616462956516
613.1496861963997,0.7707573619688115
613.3018903378556,0.8890069817302231
613.251155624037,0.8832346850891499
613.251155624037,0.8779571567315975
613.251155624037,0.8522292059885288
613.3018903378556,0.8276557145736748
613.3018903378556,0.8224056733429844
613.3018903378556,0.8029173003976472
613.3018903378556,0.7644902970442178
613.251155624037,0.7611918418207475
613.3526250516743,0.8645434388228183
613.3526250516743,0.8453024500192412
613.3526250516743,0.8400249216616885
613.3526250516743,0.8333180627072989
613.4202713367657,0.8172289311172602
613.3526250516743,0.8106686701728024
613.3526250516743,0.7799930365945282
613.403359765493,0.7694379798794233
613.4540944793115,0.862454417181287
613.4540944793115,0.8565171977790402
613.5048291931301,0.7620164556266149
613.6062986207675,0.8154514302468344
613.5555639069488,0.8100089791281084
613.7246796196775,0.8055835517032859
613.657033334586,0.8014329955470857
613.657033334586,0.7976947462938191
613.657033334586,0.7936266515182058
613.657033334586,0.7897784537574902
613.6570333345861,0.785710358981877
613.657033334586,0.7818621612211615
613.657033334586,0.7654798336112589
613.7077680484047,0.7614392259625076
613.7585027622233,0.7705924392076378
613.8092374760419,0.6520129739238789
613.8599721898606,0.7616866101042681
613.9614416174978,0.7282072895860441
613.9614416174978,0.717982078393286
613.9614416174979,0.709955837349508
614.0121763313165,0.6777409246669478
614.0290879025894,0.6212273918381558
614.0121763313165,0.5713657437100292
614.0121763313165,0.563944219457221
614.1136457589537,0.6641622839969947
614.0629110451351,0.6609188030272489
614.1136457589537,0.6285114804566527
614.1136457589537,0.5182276300599221
614.1643804727723,0.7070971761558338
614.1643804727723,0.6736178556376098
614.1643804727723,0.6546517381026553
614.1643804727723,0.650033900789797
614.1643804727723,0.6447563724322443
614.1643804727723,0.6394788440746918
614.1643804727723,0.6342013157171391
614.215115186591,0.6219970313902989
614.2320267578639,0.6152351981821848
614.1643804727725,0.6121016657198879
614.215115186591,0.6063293690788147
614.215115186591,0.5694691319565337
614.1643804727723,0.5596562276667094
614.215115186591,0.5123646259002035
614.1643804727723,0.5085301717029191
614.2658499004096,0.6694947866082718
614.3165846142283,0.6638049513477854
614.2658499004096,0.6256253321361163
614.3334961855012,0.5043887779223398
614.2658499004096,0.5014384929724579
614.2996730429554,0.4962525883711129
614.4180540418655,0.6211724175844313
614.367319328047,0.6147404298986643
614.4180540418655,0.606246907698228
614.4180540418655,0.6008869179600886
614.4180540418655,0.5956093896025361
614.4180540418655,0.5903318612449836
614.4180540418655,0.5850543328874311
614.4180540418655,0.5797768045298785
614.4180540418655,0.5757087097542652
614.4349656131384,0.5610855582635467
614.4180540418655,0.5178483077092229
614.4180540418655,0.5118286269263895
614.4180540418655,0.5072107896135312
614.4180540418655,0.4911583075259753
614.367319328047,0.47950376573638015
614.3673193280468,0.4755456194682157
614.5195234695028,0.5717780506129629
614.5195234695028,0.5669952905389309
614.4687887556842,0.5000366495024829
614.4687887556843,0.49632588737607874
614.5195234695028,0.48659544446684144
614.5702581833215,0.6055047552729472
614.5702581833215,0.5759835810228876
614.62099289714,0.5631196056513532
614.62099289714,0.5176833849480494
614.5702581833215,0.513312931776951
614.5702581833215,0.5039123343900607
614.6379044684129,0.49115830752597534
614.7224623247773,0.49814003774898735
614.6717276109587,0.4837917575268916
614.6717276109587,0.4745560829011745
614.8239317524146,0.5108390903593484
614.773197038596,0.5023730552857746
614.8239317524146,0.49315112422348867
614.8239317524146,0.4701031683494897
614.8239317524146,0.4534459694709646
614.8239317524146,0.39184731817265583
614.773197038596,0.3868171739568635
614.8746664662333,0.5060563302853164
614.9423127513247,0.4580088325300985
614.9254011800518,0.44783859559106487
614.8746664662333,0.44454014036759454
614.8746664662333,0.41254512469993204
614.8746664662333,0.3693353612724706
614.9761358938705,0.5012735702112845
614.9761358938706,0.46696963588719287
614.9761358938705,0.43893276648769497
614.9761358938706,0.4336552381301424
614.9761358938705,0.42837770977258993
615.0268706076891,0.4230452071613128
614.9761358938705,0.41782265305748467
615.0268706076891,0.39522823477671293
614.9761358938705,0.38995070641916024
615.0268706076891,0.385222920598853
615.1283400353263,0.4481684411134119
615.0776053215077,0.41040112880467644
615.0776053215077,0.4052885232082974
615.0776053215077,0.37230397097359397
615.179074749145,0.3970423851496217
615.2298094629637,0.3881915302999762
615.2298094629637,0.381869491121658
615.2298094629637,0.3769767825401772
615.179074749145,0.3353612724707264
615.2805441767822,0.40067068589543897
615.2805441767823,0.3934140844038042
615.3143673193281,0.37147935716772645
615.3820136044195,0.3897857836579869
615.3820136044195,0.3851679463451283
615.4834830320568,0.37065474336185883
615.584952459694,0.3496270913122355
615.6356871735127,0.34047387806710516
615.6356871735127,0.33560865661248657
615.6525987447856,0.3182642795624049
615.6864218873313,0.3538326217221603
615.73715660115,0.3318978944860824
615.8386260287873,0.3353612724707261
615.7878913149686,0.3240365762034783
615.8386260287873,0.31688992321929244
615.8555376000602,0.2974107126495756
615.9400954564245,0.31144747210056634
615.9908301702432,0.3330523538142971
616.0415648840618,0.3077092228473
616.0415648840618,0.3040259478477579
616.0922995978804,0.3143611075479651
616.1430343116991,0.29759396016199074
616.2952384531549,0.29544996426673514
616.3967078807922,0.2839053709845888
616.4474425946108,0.27879276538820985
616.4643541658837,0.26730314635978814
616.4474425946108,0.2518278939363399
616.4474425946108,0.2366549999083762
616.5489120222481,0.26172325960675086
616.5489120222481,0.23277931502079852
616.5996467360667,0.25537373330157037
616.6672930211582,0.2480621575562113
616.701116163704,0.26312510307672576
616.701116163704,0.23244946949845155
616.8025855913413,0.24927159113815034
616.8364087338871,0.24311447472100578
616.8702318764327,0.2360227959905445
617.0055244466158,0.2439940627805979
617.0055244466158,0.2337688515878398
617.2084633018903,0.21452786278426278
617.259198015709,0.2034642942222059
617.259198015709,0.19171354748859284
617.3099327295276,0.18033387696762027
617.3099327295276,0.1767055762218029
617.4621368709835,0.20391783181543313
617.4621368709835,0.20045445383078933
617.4114021571648,0.1958366165179308
617.4621368709835,0.19105385644389888
617.5636062986207,0.18742555569808148
617.5128715848022,0.17851972659471155
617.6143410124394,0.2011141448754833
617.665075726258,0.18368730644481518
617.7158104400767,0.19039416539920478
617.7665451538953,0.17843726521412473
617.8172798677139,0.18528155980282565
617.817279867714,0.15114254823990753
618.070953436807,0.16408898499202873
618.0202187229885,0.16087299114914524
618.070953436807,0.1504828571952135
618.0540418655343,0.1441974675193785
618.1216881506257,0.1555954627915926
618.2738922920817,0.14759670887467705
618.223157578263,0.1450404060764874
618.4768311473562,0.13998277473383308
618.629035288812,0.14273148742005837
618.629035288812,0.13833354712209775
618.8827088579052,0.13143427827967233
618.8827088579052,0.11848784152755124
618.9841782855425,0.12409521540745082
619.0856477131797,0.1193536860237122
619.187117140817,0.1167561525352294
619.3900559960915,0.11782815048285729
619.5422601375474,0.11205585384178417
620.2018114171897,0.11667369115464253
620.2525461310083,0.11238569936413105
620.3540155586456,0.11799307324403069
620.55695441392,0.11832291876637764
620.8106279830133,0.12013706913928648
621.0135668382878,0.12285829469864944
621.0135668382877,0.11914753257224543
621.1657709797437,0.12195121951219506
621.5209139764742,0.12986751204852387
621.825322259386,0.12904289824265638
622.231199969935,0.1274486448846458
622.4341388252094,0.12805336167561515
622.637077680484,0.12285829469864938
622.7385471081213,0.12739367063092114
622.8400165357585,0.12343552436275686
623.042955391033,0.11947737809459229
623.2458942463077,0.11997214637811285
623.2966289601263,0.11568415458760142
623.4488331015822,0.11972476223635263
623.601037243038,0.10974693518535479
623.753241384494,0.11469461802056025
623.8547108121312,0.11029667772259989
624.0576496674057,0.1116710340657125
624.006914953587,0.10826263033479322
624.2605885226803,0.10867493723772706
624.3620579503175,0.10430448406662872
624.5142620917734,0.10562386615601685
624.6664662332294,0.1019955654101996
624.6664662332294,0.09721280533616751
624.8694050885039,0.10018141503729076
625.0723439437784,0.09985156951494376
625.0216092299597,0.09556357772443244
625.3767522266902,0.09341958182917673
625.4782216543275,0.09094574041157383
625.5796910819647,0.09374942735152368
625.7826299372393,0.08921405141925202
625.9855687925138,0.09094574041157398
626.1885076477884,0.08913159003866522
626.2899770754256,0.08467867548698016
626.4421812168814,0.08599805757636847
626.6958547859747,0.08352421615876564
626.645120072156,0.07791684227886594
626.9157052125221,0.0800608381741218
627.050997782705,0.08039068369646891
627.1017324965237,0.07635007604771765
627.5076102070727,0.07511315533891626
627.8120184899846,0.07255685254072668
627.761283776166,0.06917593593666962
628.0149573452591,0.06917593593666975
628.3701003419895,0.06769163108610811
628.573039197264,0.06785655384728162
629.4862640459994,0.06664712026534246
629.7230260438197,0.0711000348170273
629.9259648990943,0.0720345971303439
630.0443458980044,0.06884609041432266
630.095080611823,0.07478330981656929
630.2980194670976,0.0800608381741218
630.3994888947349,0.07379377324952822
630.653162463828,0.0818749885470305
630.7546318914654,0.08679518425537376
630.8561013191025,0.09139927800480115
630.8561013191025,0.0820948855619286
630.9068360329212,0.08698759414340948
631.07595174565,0.09581096186619276
631.2619790296517,0.0996041853731836
631.4649178849261,0.10207802679078631
631.4649178849261,0.09704788257499411
631.6678567402007,0.10446940682780223
631.7185914540194,0.09688295981382057
631.8707955954752,0.1061186344395374
632.0229997369311,0.10628355720071109
632.2766733060242,0.10669586410364479
632.4796121612987,0.10733906287222139
632.6825510165734,0.10686078686481838
632.8854898718478,0.10562386615601702
633.0884287271224,0.10562386615601685
633.1898981547597,0.08184750142016826
633.2913675823969,0.10554140477543013
633.2406328685784,0.10282017921606713
633.4097485813071,0.08203991130820393
633.3928370100342,0.0757728463836103
633.3421022962156,0.07082516354840487
633.4943064376714,0.0941617342544575
633.4943064376714,0.08789466932986373
633.5450411514901,0.07509941177548507
633.5957758653087,0.06901101317549624
633.6465105791274,0.08577816056147046
633.6465105791274,0.08105037474116288
633.697245292946,0.07175972586172125
633.697245292946,0.06068241373623362
633.7479800067647,0.07659746018947794
633.7987147205832,0.06637224899671994
634.0016535758579,0.06785655384728151
633.9509188620392,0.06587748071319938
634.3060618587696,0.05433288743105316
634.3060618587696,0.04894541056605173
634.4075312864069,0.044272598999468525
634.5090007140441,0.050127357021128464
634.6104701416814,0.040644298253651186
634.7626742831372,0.04069927250737573
634.8641437107746,0.030254164299719586
635.0670825660491,0.02992431877737263
635.219286707505,0.03231569881438851
635.3207561351423,0.0277803228821168
635.4729602765981,0.02728555459859623
635.7266338456914,0.02695570907624926
635.8281032733286,0.023327408330431985
636.0310421286031,0.021018489674002744
636.3354504115149,0.020523721390482145
636.4876545529709,0.02068864415165563
636.6905934082454,0.01870957101757343
636.9950016911571,0.018709571017573347
637.2994099740689,0.018379725495226307
637.5023488293434,0.016565575122317728
637.7560223984366,0.015411115794102986
638.0096959675298,0.01706034340583826
638.2126348228044,0.016400652361144272
638.4155736780788,0.01640065236114428
638.7707166748093,0.013651939674919084
639.2273290991769,0.013761888182367933
640.2420233755496,0.013432042660020856
640.9015746551918,0.013432042660020804
641.0537787966477,0.013432042660020767
641.3581870795596,0.013212145645122964
641.7640647901086,0.013102197137673842
641.9670036453831,0.01227758333180624
642.5250854973881,0.013102197137673853
642.8802284941186,0.013761888182367855
643.4383103461234,0.014751424749409082
643.7427186290353,0.013102197137673827
644.0471269119471,0.013184658518260606
644.199331053403,0.014421579227061877
644.7066781915893,0.013102197137673842
645.1125559021384,0.01376188818236802
645.8228418955993,0.014091733704714957
646.0765154646924,0.014504040607648691
646.2287196061483,0.01574096131645017
646.5838626028788,0.014668963368822143
646.7868014581533,0.014311630719613012
647.0912097410651,0.014421579227062005
647.5478221654328,0.01343204266002087
647.8014957345259,0.01389932381667921
648.0044345898004,0.01359696542119431
648.2581081588936,0.01343204266002079
648.5625164418053,0.014091733704714936
649.1713330076291,0.013102197137673926
649.3742718629035,0.01541111579410316
649.6279454319966,0.01782998295798127
649.7801495734526,0.016070806838797257
650.0845578563644,0.02101848967400257
650.2874967116389,0.01804987997287927
650.4397008530948,0.023657253852779024
650.4904355669134,0.0192043393010939
650.7610207072795,0.023547305345329967
650.9470479912811,0.023492331091605468
651.1499868465556,0.026708324934489037
651.3021909880116,0.024646790419820007
652.0124769814724,0.029594473255025615
652.3676199782028,0.02811016840446382
652.5198241196588,0.027285554598596315
653.4330489683941,0.023987099375125907
653.7881919651246,0.021018489674002706
654.0926002480364,0.018049879972879337
654.3462738171295,0.016730497883491173
654.5999473862228,0.01541111579410297
654.7521515276786,0.015411115794103166
655.0058250967718,0.016070806838797178
655.7668458040513,0.012442506092979732
656.3249276560562,0.011617892287112302
656.5278665113308,0.010958201242418222
656.7308053666053,0.010463432958897505
656.9337442218798,0.01021604881713722
657.187417790973,0.011123124003591636
657.5425607877035,0.010463432958897581
657.8469690706152,0.009803741914203528
657.9991732120711,0.00947389639185647
658.2021120673456,0.008814205347162414
658.6587244917133,0.009803741914203563
658.8616633469878,0.009968664675376899
659.0646022022624,0.009803741914203527
659.2675410575368,0.0099686646753769
659.5719493404488,0.010958201242418013
659.8256229095418,0.010133587436550608
660.2822353339095,0.010298510197724046
660.6881130444586,0.008072052921881578
660.9417866135518,0.0084843598248153
661.2461948964635,0.00914405086950949
661.4491337517381,0.009144050869509531
661.6520726070127,0.009473896391856402
661.9057461761058,0.010958201242418229
662.3116238866548,0.011535430906525482
662.5145627419295,0.010793278481244634
662.7682363110225,0.013541991167469885
663.0219098801158,0.014339117846475284
663.2248487353902,0.015081270271755974
663.1741140215717,0.012112660570632773
664.5439512946748,0.017307727547598586
664.6961554361307,0.01706034340583832
664.9498290052238,0.016400652361144137
665.2542372881355,0.015576038555276594
665.5586455710475,0.014339117846475223
665.7615844263219,0.01409173370471488
665.9645232815965,0.01351450404060775
666.1167274230523,0.013761888182367881
666.3704009921455,0.011617892287112243
666.5226051336015,0.012442506092979847
666.8777481303318,0.010463432958897465
667.0806869856063,0.010793278481244563
667.2328911270623,0.010793278481244669
667.4358299823368,0.011452969525938729
667.7909729790672,0.010518407212622276
667.9431771205232,0.011288046764765037
668.3490548310722,0.010463432958897475
668.6027284001653,0.010958201242418022
668.8056672554399,0.011040662623004915
669.0086061107145,0.011535430906525451
669.3130143936262,0.01095820124241804
669.5159532489008,0.011040662623004861
669.8203615318125,0.01128804676476505
670.0233003870871,0.011288046764765235
670.5306475252734,0.010710817100657922
670.6828516667292,0.01046343295889755
671.0887293772782,0.010793278481244489
671.545341801646,0.009776254787341308
671.7482806569205,0.009391435011269817
671.9512195121952,0.009968664675376998
672.2048930812883,0.008814205347162403
673.5747303543914,0.00807205292188161
673.7269344958472,0.008154514302468364
674.1328122063962,0.008814205347162358
674.589424630764,0.008429385571090861
674.7923634860385,0.007824668780121342
674.9953023413132,0.00831943706364188
675.2997106242249,0.007989591541294699
675.5026494794995,0.007164977735427285
676.1622007591416,0.007384874750325238
676.4666090420535,0.007494823257774201
677.0754256078769,0.008154514302468215
677.7349768875192,0.007000054974253604
677.8871810289752,0.007824668780121316
678.0901198842497,0.0055157501236919775
678.4452628809802,0.007659746018947881
678.6482017362546,0.008044565795019535
678.9018753053479,0.007824668780121261
679.2062835882597,0.010463432958897637
679.56142658499,0.00996866467537694
679.7643654402646,0.010380971578310881
679.9673042955392,0.01079327848124448
680.4239167199067,0.011452969525938581
680.7790597166372,0.010628355720071167
681.083467999549,0.01062835572007103
681.2356721410049,0.01046343295889752
681.7430192791912,0.00914405086950935
681.9459581344659,0.008814205347162337
682.1996317035589,0.008154514302468416
682.4533052726522,0.00881420534716241
682.7069788417452,0.008566821205402116
683.0113871246571,0.00897912810833589
683.4172648352062,0.009363947884407548
683.569468976662,0.00848435982481525
683.8231425457552,0.009473896391856458
684.0768161148484,0.00947389639185637
684.3304896839416,0.007824668780121375
684.6856326806719,0.006835132213080122
685.0915103912209,0.007824668780121273
685.3959186741329,0.0074948232577742675
685.5988575294073,0.006175441168386156
685.8017963846819,0.005845595646039126
686.1062046675936,0.006835132213080219
686.8164906610546,0.008484359824815334
687.0701642301476,0.008566821205402081
687.3238377992409,0.007824668780121344
687.5605997970612,0.009400597386890596
688.0848585065203,0.013432042660020802
688.7951444999812,0.013267119898847449
688.9980833552557,0.014256656465888442
689.2010222105303,0.014091733704714877
689.4546957796235,0.013761888182368036
690.5201247698147,0.008484359824815256
690.7737983389079,0.007494823257774334
691.6870231876433,0.007164977735427348
692.8031868916532,0.007494823257774246
693.5134728851141,0.007824668780121346
693.8178811680259,0.0074948232577743525
694.1730241647563,0.008814205347162495
694.3759630200309,0.008154514302468266
694.5281671614866,0.008484359824815239
694.9847795858544,0.009638819153029884
695.1877184411289,0.009473896391856524
695.4921267240408,0.009803741914203544
695.6950655793153,0.010298510197724065
696.1009432898643,0.008979128108335946
696.4560862865948,0.008649282585988858
696.7097598556879,0.008154514302468396
697.6229847044233,0.006340363929559753
697.8259235596979,0.005763134265452338
698.079597128791,0.005185904601345033
698.2825359840656,0.005515750123691955
698.5362095531586,0.006010518407212582
698.6884136946146,0.004856059078998029
698.9420872637079,0.005845595646038965
699.0942914051636,0.005185904601345039
699.3479649742569,0.004856059078997879
699.5509038295313,0.005350827362518408
699.9567815400804,0.005185904601345149
700.159720395355,0.005020981840171458
700.4641286782668,0.004691136317824342
700.6670675335413,0.005185904601344975
700.9207411026343,0.0055157501236919315
701.123679957909,0.0032068314672629395
701.5802923822766,0.004361290795477549
702.1891089481003,0.005185904601345018
702.493517231012,0.003784061131370093
702.645721372468,0.005515750123692139
702.9501296553798,0.005845595646039032
703.1530685106543,0.003866522511956813
703.4067420797475,0.005350827362518528
703.609680935022,0.004856059078997858
703.7618850764779,0.0065052866907331815
704.2692322146643,0.005845595646039072
705.1824570633996,0.009144050869509514
705.7405389154046,0.01117809825731618
705.9603893419519,0.012002712063183731
706.1464166259536,0.012442506092979751
706.3493554812281,0.012442506092979828
706.5692059077755,0.014751424749409039
706.7552331917772,0.016648036502904445
706.9581720470517,0.016565575122317638
707.2794919012365,0.01903941653992038
707.465519185238,0.021760642099283488
707.6684580405126,0.023080024188671736
707.8713968957871,0.02423448351688619
708.023601037243,0.026955709076249237
708.2265398925176,0.027450477359769944
708.429478747792,0.02563632698686118
708.6831523168853,0.026625863553902306
708.9368258859785,0.026296018031555304
709.1904994550716,0.026460940792728704
709.3934383103461,0.026625863553902247
709.6471118794393,0.02629601803155525
709.951520162351,0.02629601803155524
710.2559284452628,0.02596617250920819
710.7125408696306,0.02393212512140126
710.8647450110865,0.022667717285737837
711.1184185801797,0.02258525590515116
711.4228268630914,0.021788129226145616
711.8794392874591,0.021348335196349565
712.6911947085573,0.018709571017573534
712.8941335638317,0.019369262062267474
713.0970724191063,0.01804987997287943
713.5029501296553,0.01969910758461443
713.9088278402044,0.018049879972879445
714.2132361231163,0.019204339301093856
714.5683791198467,0.017390188928185196
714.7713179751212,0.017720034450532367
714.8220526889398,0.013432042660020953
714.9742568303957,0.01563101280900109
715.1771956856703,0.013432042660020816
715.481603968582,0.009556357772443144
715.6845428238566,0.008649282585988764
715.9382163929497,0.007824668780121282
716.2933593896803,0.006175441168386137
716.4962982449547,0.006134210478092876
716.6485023864107,0.007164977735427248
716.9021759555037,0.004938520459584617
717.2065842384155,0.004443752176064125
717.40952309369,0.005350827362518658
717.561727235146,0.004196368034303913
717.7646660904206,0.004526213556650906
719.5911157878913,0.00386652251195688
719.7940546431659,0.003371754228436219
720.0984629260777,0.0033717542284363708
720.3521364951707,0.0023822176613953277
720.5043406366267,0.0022172949002218405
721.0624224886317,0.002959447325502601
721.2146266300875,0.0025471404225687368
721.4683001991807,0.0018049879972877859
721.7219737682739,0.002767037437466652
722.0771167650043,0.002712063183742396
722.2800556202789,0.003206831467262815
722.533729189372,0.0018874493778747738
722.7874027584652,0.0030419087060893366
723.091811041377,0.0027120631837423766
723.2440151828329,0.0032068314672628923
723.5484234657447,0.0025471404225688834
723.8020970348379,0.0030419087060894173
724.1065053177497,0.0035366769896097413
724.2587094592055,0.0038665225119568253
724.6645871697547,0.0012277583331804745
724.9182607388477,0.0031243700866760097
725.2226690217594,0.00254714042256874
725.3748731632154,0.001887449377874557
725.6285467323087,0.003206831467262757
725.9329550152204,0.0032068314672627093
726.0851591566764,0.0033717542284362454
726.6432410086813,0.003866522511956984
726.8461798639559,0.0037015997507832536
727.0491187192304,0.004031445273130371
727.2520575745049,0.003454215609023118
727.8608741403284,0.003371754228436386
728.0130782817844,0.0032068314672627305
728.2160171370589,0.003206831467262734
728.5204254199707,0.002876985944915699
728.7740989890639,0.0023822176613953433
729.3321808410687,0.003206831467262918
729.585854410162,0.002052372139048205
730.4483445450787,0.0032068314672629274
730.702018114172,0.0018874493778745826
730.8542222556277,0.002876985944915783
731.7167123905447,0.002712063183742206
731.9703859596377,0.0028769859449157935
732.224059528731,0.0027120631837422703
732.5792025254614,0.0023272434076707657
732.9343455221917,0.003041908706089292
733.2894885189221,0.003371754228436193
733.5431620880153,0.002794524564328909
733.6953662294712,0.0032068314672629257
733.8983050847457,0.0032068314672628433
734.2027133676576,0.0025471404225686244
734.4563869367507,0.002959447325502572
734.6593257920251,0.0023822176613952813
734.8115299334811,0.00287698594491579
735.0652035025744,0.0017225266167012897
735.2174076440302,0.002876985944915893
735.4203464993047,0.003536676989609893
735.6740200683979,0.0032068314672627934
735.8769589236724,0.0023822176613953667
736.2828366342214,0.002382217661395334
736.5365102033147,0.001557603855527673
736.7901837724078,0.002052372139048281
736.9931226276824,0.003206831467262817
737.1960614829569,0.0028769859449156794
737.3990003382314,0.003536676989609988
737.9063474764177,0.0033717542284361908
738.1092863316923,0.0030419087060891883
738.3629599007854,0.0032068314672628554
738.6166334698787,0.0036191383701964785
738.8195723251531,0.0033717542284363113
739.0732458942464,0.0037015997507832805
739.2761847495208,0.0035366769896098093
739.529858318614,0.003206831467262788
739.9357360291631,0.0038665225119567403
740.1386748844376,0.0032068314672627123
740.2908790258934,0.004031445273130291
740.4938178811681,0.0028769859449158494
741.051899733173,0.005020981840171388
741.2548385884475,0.004361290795477485
741.4577774437221,0.0032068314672628433
741.8636551542711,0.0030419087060894307
742.573941147732,0.0025471404225687875
742.8783494306438,0.003289292847849447
743.2842271411928,0.003041908706089283
743.4871659964674,0.0025471404225688565
743.6393701379233,0.0028769859449158117
744.0959825622909,0.0023822176613952565
744.4003908452028,0.0017225266167010627
745.0092074110264,0.0033717542284362606
745.2121462663008,0.0024646790419818715
745.5165545492127,0.003536676989609985
745.8209628321245,0.002547140422568781
746.0239016873991,0.003206831467262901
746.4297793979481,0.002217294900221742
746.6834529670411,0.0035366769896098085
746.9371265361344,0.002959447325502609
747.0893306775903,0.003371754228436458
747.3430042466834,0.002217294900221737
747.6474125295952,0.002382217661395359
747.7996166710511,0.0012277583331804785
748.0025555263258,0.002876985944915855
748.3576985230561,0.001722526616701149
748.8143109474238,0.003206831467262853
749.4231275132474,0.0018874493778745388
749.7782705099778,0.0027120631837421623
750.031944079071,0.0022172949002216076
750.3870870758014,0.0027120631837421376
750.590025931076,0.002629601803155633
750.9959036416251,0.003206831467262715
751.2495772107181,0.003866522511956925
751.5032507798114,0.0037840611313702185
751.8076590627231,0.0035366769896099403
752.2135367732723,0.003948983892543674
752.3657409147281,0.0025471404225687624
752.5686797700026,0.0032068314672627093
753.6848434740126,0.0045262135566509635
753.8877823292871,0.0025471404225688807
754.2429253260175,0.0036466254970586275
754.4458641812921,0.002712063183742386
754.598068322748,0.003866522511956959
754.9532113194784,0.00295944732550262
755.1561501747528,0.00304190870608917
755.5620278853021,0.0027120631837423016
755.8157014543951,0.0025471404225687554
756.4752527340373,0.0013926810943540333
756.9825998722237,0.002464679041982026
757.3884775827728,0.001804987997287966
757.7943552933218,0.002876985944915786
757.9972941485962,0.003371754228436201
758.1494982900522,0.0025471404225686184
758.7075801420572,0.0035366769896097877
758.9612537111503,0.001557603855527622
759.3163967078808,0.0023822176613951447
759.5193355631554,0.003041908706089374
759.7730091322485,0.0015576038555275935
760.1281521289789,0.0032068314672628437
760.3310909842535,0.002876985944915733
760.6354992671652,0.0025471404225687576
760.8384381224398,0.003206831467262674
761.0413769777143,0.0028769859449156716
761.2443158329888,0.003206831467262784
761.5487241159005,0.0032068314672628975
761.7516629711752,0.002299756280808558
761.9038671126311,0.0033717542284364796
762.2590101093615,0.003866522511956795
762.461948964636,0.004361290795477583
762.8170919613665,0.005515750123692179
763.1215002442782,0.0055157501236921804
763.4766432410087,0.006010518407212685
763.7810515239205,0.005433288743105204
763.983990379195,0.006175441168386021
764.1869292344695,0.006175441168386126
764.3898680897441,0.006752670832493325
764.5928069450185,0.006422825310146453
764.7450110864745,0.007164977735427373
764.9479499417489,0.007824668780121393
765.8104400766658,0.007329900496600833
766.0133789319403,0.006422825310146383
766.2163177872148,0.005515750123692157
766.4192566424894,0.004856059078998094
766.6729302115825,0.004856059078997994
767.433950918862,0.003041908706089157
767.7383592017738,0.0033717542284364467
767.9412980570484,0.0033717542284362506
768.2457063399602,0.0020523721390481938
768.397910481416,0.0020523721390481326
768.7530534781465,0.0017225266167010622
768.9052576196024,0.002876985944915756
769.1589311886955,0.003206831467262696
769.3618700439702,0.0030419087060893587
769.6155436130632,0.0028769859449156647
770.0214213236123,0.0025471404225686136
770.3765643203428,0.0018049879972879214
770.5287684617986,0.0038665225119569073
770.8331767447105,0.0028769859449157644
771.0361155999849,0.0023822176613953867
771.2897891690782,0.00238221766139531
771.4927280243527,0.003206831467262689
771.6956668796272,0.004361290795477329
771.8986057349017,0.0035366769896099533
772.1015445901762,0.004856059078997953
772.3044834454508,0.0030419087060893717
772.5074223007252,0.003921496765681406
772.7103611559999,0.0035916512433344485
772.8625652974558,0.0045262135566510615
773.0655041527302,0.004856059078998124
773.2684430080049,0.004856059078997937
773.927994287647,0.003948983892543547
774.1309331429215,0.004526213556650887
774.3338719981962,0.003866522511956925
774.7397497087452,0.0034542156090229498
775.0441579916569,0.003536676989609916
775.2470968469315,0.004196368034303918
775.6529745574805,0.003536676989610001
775.8559134127551,0.002712063183742364
776.0081175542109,0.0025471404225688916
776.3632605509414,0.0025471404225687125
776.5154646923972,0.0033717542284362814
776.9720771167649,0.0023822176613953147
777.2764853996769,0.002217294900221715
777.4794242549513,0.002959447325502591
777.6316283964072,0.002547140422568644
777.8853019655004,0.003371754228436269
778.0882408207749,0.0033717542284364666
778.494118531324,0.0032068314672626785
778.7985268142359,0.003619138370196653
779.0014656695103,0.003454215609023151
779.2044045247849,0.0030419087060892603
779.3566086662407,0.0025471404225688153
779.6610169491526,0.002217294900221596
779.8639558044271,0.0035366769896099663
780.1683640873389,0.002547140422568615
780.3713029426134,0.00287698594491582
780.6249765117066,0.0032892928478494778
780.8279153669811,0.002959447325502645
781.0308542222556,0.0026296018031556115
781.2337930775302,0.0023822176613952496
781.3859972189861,0.002217294900221654
782.1977526400842,0.0022172949002217993
782.6036303506332,0.0025471404225688187
782.9587733473636,0.0025471404225687966
783.2631816302755,0.00180498799728778
783.4153857717314,0.0012277583331805843
783.7705287684619,0.002712063183742301
784.0242023375549,0.002547140422568875
785.3940396106581,0.002712063183742282
786.0028561764816,0.003041908706089215
786.4087338870306,0.0030419087060894238
786.6116727423052,0.003041908706089391
787.1190198804916,0.0026296018031554016
787.2712240219474,0.0025471404225685984
787.4741628772219,0.001557603855527527
787.6771017324965,0.0012277583331804533
787.9307753015896,0.0037840611313701557
788.0829794430456,0.0018874493778745804
788.2859182983201,0.0018874493778746906
788.6410612950506,0.0037015997507833897
788.8440001503252,0.002217294900221584
788.9962042917809,0.0038665225119568236
789.2498778608742,0.0014476553480788747
789.8586944266978,0.0025471404225686266
790.2138374234282,0.002547140422568726
790.4675109925214,0.0017225266167012194
790.6704498477959,0.00304190870608946
791.0255928445263,0.0018874493778748155
791.2792664136193,0.0020523721390480663
791.482205268894,0.0017225266167010572
791.6344094103499,0.0015576038555275087
791.888082979443,0.0018874493778747023
792.1924912623549,0.0017225266167011873
792.3446954038108,0.0020523721390481487
792.8520425419971,0.0015576038555277065
793.2071855387276,0.0014751424749410449
793.410124394002,0.002876985944915724
793.7652673907324,0.0025471404225688803
794.1204103874629,0.003701599750783492
794.4248186703746,0.0025471404225686257
794.6277575256493,0.0033717542284363287
794.8306963809238,0.0022997562808083753
795.0336352361983,0.0018874493778746454
795.2365740914728,0.001969910758461477
795.5409823743846,0.0022172949002216367
795.6931865158406,0.0012277583331805004
795.8961253711151,0.0015576038555277117
796.1497989402083,0.0018874493778747571
796.3527377954827,0.0023822176613951277
796.7586155060318,0.002602114676293272
796.9615543613063,0.0037015997507834054
797.1644932165808,0.0024646790419818316
797.3674320718553,0.0030419087060893717
797.6718403547673,0.003206831467262784
797.8747792100417,0.0026296018031553435
798.1284527791349,0.0028769859449158516
798.3313916344093,0.0012277583331805602
798.6865346311399,0.0017225266167011177
799.0416776278703,0.0035366769896099494
799.2953511969635,0.001887449377874601
799.498290052238,0.00196991075846132
799.7012289075125,0.0035366769896097027
799.904167762787,0.003371754228436446
800.2085760456988,0.002547140422568691
800.462249614792,0.001887449377874559
800.7159231838851,0.0020523721390481985
800.9188620391596,0.003866522511957004
801.1218008944343,0.003289292847849637
801.3247397497087,0.003124370086676139
801.4769438911646,0.004856059078998073
801.8828216017137,0.004856059078998116
802.1364951708069,0.0027120631837423926
802.2886993122628,0.004031445273130261
802.4916381675373,0.0048560590789978484
802.6945770228118,0.004856059078997876
803.2526588748168,0.003586153817961952
803.6585365853659,0.004306316541752975
803.8614754406403,0.003701599750783295
804.470292006464,0.003998460720895641
804.6732308617385,0.0032068314672629504
804.876169717013,0.003577907679903337
805.028373858469,0.0028769859449157024
805.282047427562,0.003536676989609953
805.434251569018,0.002547140422568904
805.6879251381113,0.0032068314672626737
805.8908639933857,0.0025471404225685954
806.0938028486603,0.002382217661395121
806.2460069901161,0.0032068314672629686
806.9055582697583,0.0026021146762934136
807.108497125033,0.0025471404225688356
807.362170694126,0.00353667698960992
807.6158442632192,0.002712063183742096
807.8187831184937,0.002629601803155553
808.0217219737683,0.002876985944915936
808.2246608290428,0.002107346392772874
808.4275996843173,0.0024784226054131125
808.630538539592,0.002712063183742298
808.7827426810477,0.0015576038555277204
809.036416250141,0.0012277583331805255
809.2393551054155,0.0021348335196349024
809.44229396069,0.0038665225119567316
809.848171671239,0.0029594473255026305
810.0511105265136,0.003239816019497358
810.2033146679695,0.004856059078997872
810.5077229508813,0.0035366769896098466
810.812131233793,0.004526213556650932
811.0658048028863,0.004072675963423717
811.2687436581607,0.005103443220758211
811.5731519410726,0.0059280570266260066
811.7760907963471,0.005020981840171412
812.080499079259,0.0052188891535795414
812.2834379345334,0.0061754411683861725
812.486376789808,0.0054058016162432596
812.6893156450824,0.006230415422110629
812.8415197865384,0.007164977735427161
813.0951933556316,0.005598211504278699
813.298132210906,0.005433288743105307
813.5010710661807,0.006450312437008414
813.7040099214552,0.007164977735427143
813.9069487767297,0.006697696578768671
814.1098876320042,0.005119935496875666
814.3128264872787,0.006175441168386192
814.4650306287347,0.006175441168386129
814.7187041978277,0.005763134265452468
814.9216430531023,0.003454215609023056
815.1245819083769,0.0032068314672626624
815.3275207636514,0.003124370086675929
815.530459618926,0.0029594473255024436
816.0378067571123,0.0023822176613954005
816.2407456123867,0.0018874493778747205
816.5451538952987,0.0024646790419818394
816.6973580367545,0.003536676989609795
817.052501033485,0.002217294900221728
817.2047051749407,0.0015576038555276553
817.458378744034,0.004031445273130283
817.6613175993085,0.0032068314672626464
817.9657258822203,0.0033717542284362354
818.1686647374949,0.002382217661395299
818.574542448044,0.002794524564329161
818.8789507309557,0.0023822176613952145
819.3355631553234,0.0025471404225686973
819.5892367244164,0.00287698594491594
820.1980532902401,0.001997397885323595
820.350257431696,0.002876985944915893
820.5531962869707,0.0032068314672627084
820.8068698560637,0.003536676989609834
821.060543425157,0.0026296018031555604
821.31421699425,0.0030419087060892637
821.5171558495247,0.0037015997507833707
821.7200947047993,0.003701599750783352
821.9230335600737,0.0030419087060894715
822.1259724153482,0.0021073463927728173
822.3289112706227,0.0027120631837422673
822.5318501258973,0.003041908706089215
822.7347889811717,0.002794524564329176
822.988462550265,0.0018874493778747081
823.6480138299072,0.0028769859449157284
824.0538915404562,0.001887449377874714
824.2060956819123,0.0015576038555274766
824.4597692510054,0.0029594473255026956
824.6627081062798,0.002876985944915828
824.8149122477357,0.0025471404225686474
825.2715246721034,0.0017225266167010332
825.474463527378,0.002299756280808505
825.6774023826524,0.0017225266167010592
825.880341237927,0.0033717542284364506
826.0832800932016,0.0021348335196350347
826.2862189484761,0.002327243407670647
826.4891578037507,0.003069395832951353
826.6920966590251,0.0037015997507835138
826.8950355142997,0.0031243700866761285
827.1994437972116,0.00287698594491595
827.5038520801234,0.0023822176613953216
827.7067909353977,0.0032068314672628125
827.9097297906724,0.0035641641164721456
828.1126686459469,0.0035366769896098696
828.3156075012214,0.0037015997507831933
828.5185463564959,0.002629601803155502
828.7214852117704,0.0032892928478494
828.924424067045,0.0024646790419821144
829.0766282085009,0.0038665225119568626
829.3303017775941,0.002547140422568705
829.5332406328687,0.003811548258232435
829.7361794881431,0.0038665225119569302
829.9391183434177,0.0036466254970586977
830.1420571986921,0.0033717542284361635
830.2942613401481,0.0027670374374667646
830.5479349092412,0.0035366769896098835
830.9538126197904,0.0028769859449157865
831.1567514750648,0.0028769859449156924
831.4611597579767,0.002712063183742181
831.6133638994324,0.0030419087060894533
831.8670374685257,0.00304190870608928
832.0699763238003,0.001969910758461281
832.2729151790749,0.0025471404225688213
832.4758540343493,0.0030419087060894754
832.9832011725356,0.002712063183742371
833.2876094554474,0.0023822176613950883
833.4905483107219,0.0031243700866760296
833.6934871659964,0.002052372139048028
833.8964260212708,0.004031445273130496
834.0993648765455,0.0032068314672627687
834.4037731594574,0.0033717542284362285
834.6067120147318,0.0033717542284364133
834.8096508700064,0.0029594473255026483
834.9618550114623,0.0017225266167013055
835.2155285805554,0.0024921661688440204
835.3677327220114,0.0020523721390481526
835.6214062911044,0.00361913837019651
835.8243451463791,0.003206831467262687
835.9765492878349,0.0022172949002218427
836.1794881431094,0.001887449377874614
836.5346311398399,0.0038665225119569034
836.7375699951144,0.0028769859449159093
836.940508850389,0.002547140422568787
837.0927129918448,0.002959447325502693
837.3463865609381,0.0034542156090232325
837.5493254162126,0.003371754228436458
837.8537336991244,0.0028769859449157566
838.0059378405803,0.0015576038555276473
838.2596114096734,0.002382217661395392
838.5640196925851,0.002547140422568677
838.7669585478598,0.0023822176613950835
839.0713668307715,0.0015026296018031866
839.3757751136832,0.0027120631837421736
839.6801833965951,0.0022172949002217325
839.8323875380511,0.0035366769896096983
840.0860611071441,0.0024646790419818663
840.2889999624188,0.0027532938740355254
840.4919388176933,0.001804987997287833
840.6948776729678,0.0035091898627475165
840.8978165282424,0.0038665225119569376
841.1007553835168,0.003454215609023113
841.3036942387914,0.005020981840171631
841.6081025217031,0.002876985944915808
841.912510804615,0.00254714042256857
842.2169190875268,0.004306316541752914
842.47059265662,0.0030419087060891232
842.6735315118945,0.0032068314672629526
842.9272050809876,0.0037565740045078055
843.0794092224435,0.00386652251195681
843.2823480777181,0.005515750123691937
843.4852869329926,0.005515750123691975
843.7389605020858,0.00386652251195683
843.9418993573603,0.004471239302926369
